,0.26928,0.28895,0.31005,0.3327,0.35699,0.38307,0.41104,0.44107,0.47328,0.50785,0.54494,0.58474
100,1.0,1.0,0.98,0.96,0.93,0.86,0.81,0.75,0.63,0.42,0.23,0.12
200,0.99,0.99,0.985,0.965,0.91,0.785,0.74,0.59,0.435,0.26,0.17,0.08
350,0.9942857142857143,0.9885714285714285,0.9685714285714285,0.9542857142857143,0.9,0.7542857142857143,0.6771428571428572,0.5142857142857142,0.3628571428571429,0.21428571428571427,0.11714285714285715,0.04857142857142857
500,0.996,0.984,0.958,0.92,0.852,0.728,0.604,0.448,0.294,0.164,0.084,0.036
750,0.9893333333333333,0.972,0.944,0.9026666666666666,0.8173333333333334,0.7053333333333334,0.544,0.388,0.24933333333333332,0.13333333333333333,0.06533333333333333,0.025333333333333333
1000,0.975,0.955,0.924,0.871,0.779,0.664,0.493,0.344,0.208,0.113,0.054,0.018
1500,0.9633333333333334,0.9393333333333334,0.8913333333333333,0.824,0.7153333333333334,0.596,0.442,0.292,0.17466666666666666,0.092,0.046,0.014666666666666666
2000,0.95,0.9185,0.8635,0.7905,0.6745,0.54,0.39,0.255,0.151,0.0755,0.0315,0.01
3000,0.9376666666666666,0.8903333333333333,0.8223333333333334,0.7306666666666667,0.6076666666666667,0.4686666666666667,0.3363333333333333,0.212,0.12433333333333334,0.06066666666666667,0.023333333333333334,0.007333333333333333
5000,0.9136,0.8534,0.7682,0.6596,0.5328,0.3958,0.2682,0.1628,0.0864,0.0396,0.0144,0.0038
7000,0.8871428571428571,0.8204285714285714,0.7294285714285714,0.6097142857142858,0.47928571428571426,0.3485714285714286,0.2257142857142857,0.12857142857142856,0.06714285714285714,0.03,0.010285714285714285,0.0034285714285714284
