corpus,n,r,M_true,G_hat,viol,max_err,mean_err,bound,bound_hat,plain_max_err,uncovered_mass_presence
zipf_k200,100,0.14773,0.98715,0.98,0.00295,0.035800000000000005,0.008934,0.9901,0.98295,0.0349,0.10205
zipf_k200,100,0.1689,0.95235,0.96,0.0166,0.035800000000000005,0.008934,0.96895,0.9765999999999999,0.0349,0.10205
zipf_k200,100,0.19312,0.842,0.88,0.0571,0.035800000000000005,0.008934,0.8991,0.9371,0.0349,0.10205
zipf_k200,100,0.2208,0.66735,0.69,0.10505,0.035800000000000005,0.008934,0.7724,0.7950499999999999,0.0349,0.10205
zipf_k200,100,0.25245,0.48765,0.54,0.14135,0.035800000000000005,0.008934,0.629,0.68135,0.0349,0.10205
zipf_k200,100,0.28864,0.3683,0.43,0.15775,0.035800000000000005,0.008934,0.52605,0.58775,0.0349,0.10205
zipf_k200,200,0.14773,0.97565,0.945,0.0059,0.02385,0.0063960000000000015,0.98155,0.9509,0.0199,0.024
zipf_k200,200,0.1689,0.91345,0.92,0.02855,0.02385,0.0063960000000000015,0.942,0.94855,0.0199,0.024
zipf_k200,200,0.19312,0.7526,0.745,0.0835,0.02385,0.0063960000000000015,0.8361000000000001,0.8285,0.0199,0.024
zipf_k200,200,0.2208,0.54805,0.565,0.13205,0.02385,0.0063960000000000015,0.6801,0.69705,0.0199,0.024
zipf_k200,200,0.25245,0.3845,0.43,0.15185,0.02385,0.0063960000000000015,0.53635,0.58185,0.0199,0.024
zipf_k200,200,0.28864,0.2861,0.3,0.158,0.02385,0.0063960000000000015,0.44410000000000005,0.45799999999999996,0.0199,0.024
zipf_k200,500,0.14773,0.9418,0.94,0.0128,0.013000000000000001,0.0028140000000000005,0.9546,0.9528,0.01655,0.0056
zipf_k200,500,0.1689,0.83435,0.856,0.04805,0.013000000000000001,0.0028140000000000005,0.8824000000000001,0.90405,0.01655,0.0056
zipf_k200,500,0.19312,0.6239,0.664,0.1031,0.013000000000000001,0.0028140000000000005,0.727,0.7671,0.01655,0.0056
zipf_k200,500,0.2208,0.4084,0.436,0.13335,0.013000000000000001,0.0028140000000000005,0.54175,0.56935,0.01655,0.0056
zipf_k200,500,0.25245,0.247,0.296,0.14485,0.013000000000000001,0.0028140000000000005,0.39185000000000003,0.44084999999999996,0.01655,0.0056
zipf_k200,500,0.28864,0.1541,0.204,0.15245,0.013000000000000001,0.0028140000000000005,0.30655,0.35645,0.01655,0.0056
zipf_k200,1000,0.14773,0.89325,0.924,0.0177,0.010199999999999997,0.0014119999999999998,0.91095,0.9417000000000001,0.011099999999999999,0.0
zipf_k200,1000,0.1689,0.73955,0.798,0.06245,0.010199999999999997,0.0014119999999999998,0.802,0.86045,0.011099999999999999,0.0
zipf_k200,1000,0.19312,0.49815,0.565,0.11125,0.010199999999999997,0.0014119999999999998,0.6093999999999999,0.6762499999999999,0.011099999999999999,0.0
zipf_k200,1000,0.2208,0.2867,0.335,0.1349,0.010199999999999997,0.0014119999999999998,0.4216,0.4699,0.011099999999999999,0.0
zipf_k200,1000,0.25245,0.1384,0.182,0.14605,0.010199999999999997,0.0014119999999999998,0.28445,0.32805,0.011099999999999999,0.0
zipf_k200,1000,0.28864,0.06815,0.085,0.1551,0.010199999999999997,0.0014119999999999998,0.22325,0.24009999999999998,0.011099999999999999,0.0
zipf_k200,2000,0.14773,0.8126,0.9,0.02765,0.006200000000000011,0.0010719999999999998,0.8402499999999999,0.92765,0.009649999999999995,0.0
zipf_k200,2000,0.1689,0.63065,0.7095,0.07535,0.006200000000000011,0.0010719999999999998,0.7060000000000001,0.78485,0.009649999999999995,0.0
zipf_k200,2000,0.19312,0.37965,0.4485,0.11635,0.006200000000000011,0.0010719999999999998,0.496,0.56485,0.009649999999999995,0.0
zipf_k200,2000,0.2208,0.186,0.2025,0.13315,0.006200000000000011,0.0010719999999999998,0.31915,0.33565,0.009649999999999995,0.0
zipf_k200,2000,0.25245,0.068,0.0785,0.1444,0.006200000000000011,0.0010719999999999998,0.2124,0.2229,0.009649999999999995,0.0
zipf_k200,2000,0.28864,0.02505,0.0295,0.15175,0.006200000000000011,0.0010719999999999998,0.17679999999999998,0.18125,0.009649999999999995,0.0
zipf_k200,5000,0.14773,0.6242,0.8462,0.0373,0.003949999999999995,0.000534,0.6615,0.8835,0.007449999999999998,0.0
zipf_k200,5000,0.1689,0.43455,0.6018,0.0767,0.003949999999999995,0.000534,0.51125,0.6785,0.007449999999999998,0.0
zipf_k200,5000,0.19312,0.22045,0.307,0.10115,0.003949999999999995,0.000534,0.3216,0.40815,0.007449999999999998,0.0
zipf_k200,5000,0.2208,0.08165,0.1102,0.11385,0.003949999999999995,0.000534,0.1955,0.22405000000000003,0.007449999999999998,0.0
zipf_k200,5000,0.25245,0.01995,0.0248,0.1231,0.003949999999999995,0.000534,0.14305,0.1479,0.007449999999999998,0.0
zipf_k200,5000,0.28864,0.00485,0.0048,0.127,0.003949999999999995,0.000534,0.13185,0.1318,0.007449999999999998,0.0
gtr_askdocs,100,0.30071,0.9828,1.0,0.0024,0.0782,0.014972,0.9852,1.0024,0.06770000000000001,0.17719999999999997
gtr_askdocs,100,0.33838,0.9685,0.98,0.0083,0.0782,0.014972,0.9768,0.9883,0.06770000000000001,0.17719999999999997
gtr_askdocs,100,0.38077,0.9177,0.86,0.0346,0.0782,0.014972,0.9522999999999999,0.8946,0.06770000000000001,0.17719999999999997
gtr_askdocs,100,0.42847,0.7881,0.82,0.1104,0.0782,0.014972,0.8985000000000001,0.9303999999999999,0.06770000000000001,0.17719999999999997
gtr_askdocs,100,0.48214,0.5372,0.6,0.2839,0.0782,0.014972,0.8210999999999999,0.8838999999999999,0.06770000000000001,0.17719999999999997
gtr_askdocs,100,0.54254,0.244,0.36,0.5128,0.0782,0.014972,0.7568,0.8728,0.06770000000000001,0.17719999999999997
gtr_askdocs,200,0.30071,0.9656,0.99,0.0061,0.0442,0.011488,0.9717,0.9961,0.028200000000000003,0.0
gtr_askdocs,200,0.33838,0.937,0.945,0.0182,0.0442,0.011488,0.9552,0.9632,0.028200000000000003,0.0
gtr_askdocs,200,0.38077,0.8528,0.855,0.0579,0.0442,0.011488,0.9107,0.9128999999999999,0.028200000000000003,0.0
gtr_askdocs,200,0.42847,0.6727,0.71,0.1582,0.0442,0.011488,0.8309,0.8682,0.028200000000000003,0.0
gtr_askdocs,200,0.48214,0.3965,0.47,0.3447,0.0442,0.011488,0.7412000000000001,0.8147,0.028200000000000003,0.0
gtr_askdocs,200,0.54254,0.1611,0.24,0.5207,0.0442,0.011488,0.6818000000000001,0.7607,0.028200000000000003,0.0
gtr_askdocs,500,0.30071,0.9159,0.962,0.0124,0.03269999999999999,0.00836,0.9283,0.9743999999999999,0.013699999999999997,0.0
gtr_askdocs,500,0.33838,0.8578,0.9,0.0355,0.03269999999999999,0.00836,0.8933,0.9355,0.013699999999999997,0.0
gtr_askdocs,500,0.38077,0.7183,0.762,0.1014,0.03269999999999999,0.00836,0.8197000000000001,0.8634000000000001,0.013699999999999997,0.0
gtr_askdocs,500,0.42847,0.4919,0.534,0.227,0.03269999999999999,0.00836,0.7189,0.761,0.013699999999999997,0.0
gtr_askdocs,500,0.48214,0.253,0.3,0.3836,0.03269999999999999,0.00836,0.6366,0.6836,0.013699999999999997,0.0
gtr_askdocs,500,0.54254,0.0889,0.114,0.5041,0.03269999999999999,0.00836,0.593,0.6181,0.013699999999999997,0.0
gtr_askdocs,1000,0.30071,0.8452,0.934,0.0175,0.03069999999999999,0.006111999999999999,0.8626999999999999,0.9515,0.010700000000000001,0.0
gtr_askdocs,1000,0.33838,0.7599,0.834,0.0489,0.03069999999999999,0.006111999999999999,0.8088,0.8829,0.010700000000000001,0.0
gtr_askdocs,1000,0.38077,0.588,0.644,0.1279,0.03069999999999999,0.006111999999999999,0.7159,0.7719,0.010700000000000001,0.0
gtr_askdocs,1000,0.42847,0.3639,0.422,0.2524,0.03069999999999999,0.006111999999999999,0.6163000000000001,0.6744,0.010700000000000001,0.0
gtr_askdocs,1000,0.48214,0.1666,0.198,0.3795,0.03069999999999999,0.006111999999999999,0.5461,0.5775,0.010700000000000001,0.0
gtr_askdocs,1000,0.54254,0.0533,0.067,0.4569,0.03069999999999999,0.006111999999999999,0.5102,0.5239,0.010700000000000001,0.0
gtr_askdocs,2000,0.30071,0.7157,0.9,0.0246,0.03,0.004612000000000001,0.7403,0.9246,0.0087,0.0
gtr_askdocs,2000,0.33838,0.6087,0.766,0.0617,0.03,0.004612000000000001,0.6704,0.8277,0.0087,0.0
gtr_askdocs,2000,0.38077,0.434,0.54,0.1432,0.03,0.004612000000000001,0.5771999999999999,0.6832,0.0087,0.0
gtr_askdocs,2000,0.42847,0.2445,0.3025,0.2492,0.03,0.004612000000000001,0.4937,0.5517,0.0087,0.0
gtr_askdocs,2000,0.48214,0.1013,0.1225,0.3376,0.03,0.004612000000000001,0.4389,0.4601,0.0087,0.0
gtr_askdocs,2000,0.54254,0.0299,0.03,0.3869,0.03,0.004612000000000001,0.4168,0.41690000000000005,0.0087,0.0
gtr_askdocs,5000,0.30071,0.4083,0.811,0.0247,0.0133,0.0024,0.433,0.8357000000000001,0.0028000000000000004,0.0
gtr_askdocs,5000,0.33838,0.3189,0.6274,0.0595,0.0133,0.0024,0.3784,0.6869,0.0028000000000000004,0.0
gtr_askdocs,5000,0.38077,0.2024,0.4004,0.115,0.0133,0.0024,0.3174,0.5154,0.0028000000000000004,0.0
gtr_askdocs,5000,0.42847,0.0977,0.1974,0.1751,0.0133,0.0024,0.2728,0.3725,0.0028000000000000004,0.0
gtr_askdocs,5000,0.48214,0.0335,0.0724,0.2153,0.0133,0.0024,0.2488,0.2877,0.0028000000000000004,0.0
gtr_askdocs,5000,0.54254,0.0081,0.0154,0.2337,0.0133,0.0024,0.2418,0.2491,0.0028000000000000004,0.0
gtr_trump,100,0.11009,0.9773,0.98,0.0,0.058300000000000005,0.014648000000000003,0.9773,0.98,0.04060000000000001,0.14470000000000002
gtr_trump,100,0.14816,0.9665,0.98,0.0004,0.058300000000000005,0.014648000000000003,0.9669,0.9803999999999999,0.04060000000000001,0.14470000000000002
gtr_trump,100,0.1994,0.9406,0.98,0.004,0.058300000000000005,0.014648000000000003,0.9446,0.984,0.04060000000000001,0.14470000000000002
gtr_trump,100,0.26836,0.8587,0.83,0.0343,0.058300000000000005,0.014648000000000003,0.893,0.8643,0.04060000000000001,0.14470000000000002
gtr_trump,100,0.36115,0.5966,0.51,0.175,0.058300000000000005,0.014648000000000003,0.7716000000000001,0.685,0.04060000000000001,0.14470000000000002
gtr_trump,100,0.48604,0.1642,0.17,0.5013,0.058300000000000005,0.014648000000000003,0.6655,0.6713,0.04060000000000001,0.14470000000000002
gtr_trump,200,0.11009,0.9606,0.98,0.0006,0.05739999999999999,0.012012,0.9612,0.9806,0.0306,0.0148
gtr_trump,200,0.14816,0.9477,0.96,0.0014,0.05739999999999999,0.012012,0.9490999999999999,0.9613999999999999,0.0306,0.0148
gtr_trump,200,0.1994,0.9189,0.92,0.0059,0.05739999999999999,0.012012,0.9248000000000001,0.9259000000000001,0.0306,0.0148
gtr_trump,200,0.26836,0.8242,0.845,0.0433,0.05739999999999999,0.012012,0.8675,0.8883,0.0306,0.0148
gtr_trump,200,0.36115,0.5101,0.455,0.2109,0.05739999999999999,0.012012,0.721,0.6659,0.0306,0.0148
gtr_trump,200,0.48604,0.1198,0.115,0.4957,0.05739999999999999,0.012012,0.6154999999999999,0.6107,0.0306,0.0148
gtr_trump,500,0.11009,0.9115,0.966,0.0012,0.0316,0.008708,0.9127,0.9672,0.0187,0.0121
gtr_trump,500,0.14816,0.8898,0.934,0.0033,0.0316,0.008708,0.8931,0.9373,0.0187,0.0121
gtr_trump,500,0.1994,0.8478,0.88,0.0115,0.0316,0.008708,0.8593,0.8915,0.0187,0.0121
gtr_trump,500,0.26836,0.732,0.766,0.0508,0.0316,0.008708,0.7827999999999999,0.8168,0.0187,0.0121
gtr_trump,500,0.36115,0.4029,0.446,0.2243,0.0316,0.008708,0.6272,0.6703,0.0187,0.0121
gtr_trump,500,0.48604,0.073,0.072,0.4518,0.0316,0.008708,0.5247999999999999,0.5237999999999999,0.0187,0.0121
gtr_trump,1000,0.11009,0.8428,0.937,0.0019,0.0217,0.006003999999999999,0.8447,0.9389000000000001,0.012400000000000001,0.0005
gtr_trump,1000,0.14816,0.8143,0.909,0.005,0.0217,0.006003999999999999,0.8193,0.914,0.012400000000000001,0.0005
gtr_trump,1000,0.1994,0.7658,0.853,0.0149,0.0217,0.006003999999999999,0.7807000000000001,0.8679,0.012400000000000001,0.0005
gtr_trump,1000,0.26836,0.6359,0.686,0.0598,0.0217,0.006003999999999999,0.6957,0.7458,0.012400000000000001,0.0005
gtr_trump,1000,0.36115,0.3169,0.361,0.2186,0.0217,0.006003999999999999,0.5355,0.5796,0.012400000000000001,0.0005
gtr_trump,1000,0.48604,0.0437,0.054,0.397,0.0217,0.006003999999999999,0.44070000000000004,0.451,0.012400000000000001,0.0005
gtr_trump,2000,0.11009,0.7175,0.9,0.0025,0.0189,0.004148,0.72,0.9025,0.007400000000000004,0.0005
gtr_trump,2000,0.14816,0.6844,0.862,0.0073,0.0189,0.004148,0.6917,0.8693,0.007400000000000004,0.0005
gtr_trump,2000,0.1994,0.6353,0.8055,0.0179,0.0189,0.004148,0.6532,0.8234,0.007400000000000004,0.0005
gtr_trump,2000,0.26836,0.5051,0.623,0.0628,0.0189,0.004148,0.5679,0.6858,0.007400000000000004,0.0005
gtr_trump,2000,0.36115,0.2286,0.2905,0.1991,0.0189,0.004148,0.42769999999999997,0.4896,0.007400000000000004,0.0005
gtr_trump,2000,0.48604,0.0237,0.03,0.3316,0.0189,0.004148,0.3553,0.36160000000000003,0.007400000000000004,0.0005
gtr_trump,5000,0.11009,0.4223,0.8304,0.0045,0.010299999999999997,0.00254,0.4268,0.8349,0.0038000000000000013,0.0
gtr_trump,5000,0.14816,0.3995,0.7892,0.0095,0.010299999999999997,0.00254,0.40900000000000003,0.7987,0.0038000000000000013,0.0
gtr_trump,5000,0.1994,0.3639,0.7184,0.0182,0.010299999999999997,0.00254,0.3821,0.7366,0.0038000000000000013,0.0
gtr_trump,5000,0.26836,0.2707,0.5354,0.0513,0.010299999999999997,0.00254,0.322,0.5867,0.0038000000000000013,0.0
gtr_trump,5000,0.36115,0.1071,0.221,0.1362,0.010299999999999997,0.00254,0.2433,0.35719999999999996,0.0038000000000000013,0.0
gtr_trump,5000,0.48604,0.0088,0.016,0.2001,0.010299999999999997,0.00254,0.2089,0.21610000000000001,0.0038000000000000013,0.0
gtr_tifu,100,0.31567,0.9828,1.0,0.0022,0.0811,0.016228,0.985,1.0022,0.03320000000000001,0.12340000000000001
gtr_tifu,100,0.34712,0.9648,1.0,0.0118,0.0811,0.016228,0.9766,1.0118,0.03320000000000001,0.12340000000000001
gtr_tifu,100,0.3817,0.9081,0.95,0.051,0.0811,0.016228,0.9591000000000001,1.001,0.03320000000000001,0.12340000000000001
gtr_tifu,100,0.41972,0.7534,0.81,0.1667,0.0811,0.016228,0.9200999999999999,0.9767,0.03320000000000001,0.12340000000000001
gtr_tifu,100,0.46153,0.4672,0.49,0.3911,0.0811,0.016228,0.8583000000000001,0.8811,0.03320000000000001,0.12340000000000001
gtr_tifu,100,0.5075,0.1822,0.18,0.6267,0.0811,0.016228,0.8089000000000001,0.8067,0.03320000000000001,0.12340000000000001
gtr_tifu,200,0.31567,0.967,0.99,0.0042,0.0616,0.010779999999999998,0.9712,0.9942,0.022299999999999997,0.0212
gtr_tifu,200,0.34712,0.9364,0.975,0.0194,0.0616,0.010779999999999998,0.9558,0.9944,0.022299999999999997,0.0212
gtr_tifu,200,0.3817,0.8457,0.865,0.0761,0.0616,0.010779999999999998,0.9218,0.9411,0.022299999999999997,0.0212
gtr_tifu,200,0.41972,0.6346,0.72,0.2223,0.0616,0.010779999999999998,0.8569,0.9422999999999999,0.022299999999999997,0.0212
gtr_tifu,200,0.46153,0.3374,0.355,0.4437,0.0616,0.010779999999999998,0.7810999999999999,0.7987,0.022299999999999997,0.0212
gtr_tifu,200,0.5075,0.1169,0.125,0.6174,0.0616,0.010779999999999998,0.7343,0.7424,0.022299999999999997,0.0212
gtr_tifu,500,0.31567,0.922,0.972,0.0112,0.04630000000000001,0.009167999999999999,0.9332,0.9832,0.013299999999999996,0.0
gtr_tifu,500,0.34712,0.8539,0.908,0.0489,0.04630000000000001,0.009167999999999999,0.9028,0.9569000000000001,0.013299999999999996,0.0
gtr_tifu,500,0.3817,0.7049,0.726,0.139,0.04630000000000001,0.009167999999999999,0.8439,0.865,0.013299999999999996,0.0
gtr_tifu,500,0.41972,0.4448,0.462,0.3117,0.04630000000000001,0.009167999999999999,0.7565,0.7737,0.013299999999999996,0.0
gtr_tifu,500,0.46153,0.1951,0.23,0.489,0.04630000000000001,0.009167999999999999,0.6840999999999999,0.719,0.013299999999999996,0.0
gtr_tifu,500,0.5075,0.0577,0.074,0.5952,0.04630000000000001,0.009167999999999999,0.6528999999999999,0.6691999999999999,0.013299999999999996,0.0
gtr_tifu,1000,0.31567,0.8575,0.946,0.0168,0.034,0.0067079999999999996,0.8743000000000001,0.9628,0.0103,0.0
gtr_tifu,1000,0.34712,0.7634,0.862,0.066,0.034,0.0067079999999999996,0.8293999999999999,0.9279999999999999,0.0103,0.0
gtr_tifu,1000,0.3817,0.5756,0.654,0.1729,0.034,0.0067079999999999996,0.7484999999999999,0.8269,0.0103,0.0
gtr_tifu,1000,0.41972,0.3184,0.35,0.336,0.034,0.0067079999999999996,0.6544000000000001,0.6859999999999999,0.0103,0.0
gtr_tifu,1000,0.46153,0.1233,0.158,0.4711,0.034,0.0067079999999999996,0.5944,0.6291,0.0103,0.0
gtr_tifu,1000,0.5075,0.0335,0.05,0.539,0.034,0.0067079999999999996,0.5725,0.5890000000000001,0.0103,0.0
gtr_tifu,2000,0.31567,0.7289,0.9,0.0275,0.021900000000000003,0.004772000000000001,0.7564,0.9275,0.0078,0.0
gtr_tifu,2000,0.34712,0.6098,0.7635,0.0873,0.021900000000000003,0.004772000000000001,0.6971,0.8508,0.0078,0.0
gtr_tifu,2000,0.3817,0.4114,0.522,0.1986,0.021900000000000003,0.004772000000000001,0.61,0.7206,0.0078,0.0
gtr_tifu,2000,0.41972,0.2031,0.25,0.3291,0.021900000000000003,0.004772000000000001,0.5322,0.5791,0.0078,0.0
gtr_tifu,2000,0.46153,0.071,0.0985,0.4206,0.021900000000000003,0.004772000000000001,0.4916,0.5191,0.0078,0.0
gtr_tifu,2000,0.5075,0.0192,0.03,0.4592,0.021900000000000003,0.004772000000000001,0.4784,0.48919999999999997,0.0078,0.0
gtr_tifu,5000,0.31567,0.4214,0.841,0.0322,0.0114,0.002408,0.4536,0.8732,0.003100000000000002,0.0
gtr_tifu,5000,0.34712,0.3179,0.6408,0.0858,0.0114,0.002408,0.4037,0.7266,0.003100000000000002,0.0
gtr_tifu,5000,0.3817,0.1892,0.3742,0.1595,0.0114,0.002408,0.3487,0.5337,0.003100000000000002,0.0
gtr_tifu,5000,0.41972,0.0797,0.1582,0.227,0.0114,0.002408,0.3067,0.3852,0.003100000000000002,0.0
gtr_tifu,5000,0.46153,0.0262,0.0524,0.2624,0.0114,0.002408,0.2886,0.3148,0.003100000000000002,0.0
gtr_tifu,5000,0.5075,0.0062,0.016,0.2755,0.0114,0.002408,0.2817,0.29150000000000004,0.003100000000000002,0.0
