,0.04918,0.06094,0.0755,0.09353,0.11588,0.14357,0.17787,0.22037,0.27302,0.33825,0.41907,0.51919
100,1.0,1.0,1.0,1.0,1.0,1.0,0.98,0.98,0.94,0.76,0.38,0.12
200,1.0,1.0,1.0,1.0,1.0,1.0,0.99,0.99,0.93,0.66,0.305,0.08
350,0.9885714285714285,0.9885714285714285,0.9885714285714285,0.9885714285714285,0.9828571428571429,0.9742857142857143,0.96,0.9142857142857143,0.8257142857142857,0.5428571428571428,0.24285714285714285,0.054285714285714284
500,0.988,0.986,0.982,0.978,0.97,0.948,0.926,0.868,0.77,0.494,0.214,0.038
750,0.9786666666666667,0.9706666666666667,0.968,0.9626666666666667,0.944,0.916,0.8906666666666667,0.8186666666666667,0.7226666666666667,0.468,0.192,0.02666666666666667
1000,0.975,0.966,0.961,0.946,0.925,0.897,0.857,0.801,0.696,0.446,0.176,0.016
1500,0.958,0.9513333333333334,0.938,0.9246666666666666,0.906,0.88,0.8393333333333334,0.776,0.6573333333333333,0.39066666666666666,0.14533333333333334,0.013333333333333334
2000,0.95,0.9435,0.9245,0.909,0.8895,0.863,0.819,0.754,0.632,0.367,0.1385,0.01
3000,0.942,0.927,0.9043333333333333,0.887,0.8606666666666667,0.832,0.7913333333333333,0.7216666666666667,0.579,0.3303333333333333,0.11433333333333333,0.006
5000,0.9174,0.901,0.88,0.8592,0.832,0.8,0.7568,0.6816,0.5332,0.2908,0.0874,0.0036
7000,0.8958571428571429,0.8788571428571429,0.8574285714285714,0.8358571428571429,0.8087142857142857,0.7768571428571428,0.7335714285714285,0.6497142857142857,0.49314285714285716,0.258,0.07385714285714286,0.003
