,0.13821,0.1573,0.17902,0.20374,0.23188,0.2639,0.30034,0.34182,0.38902,0.44274,0.50388,0.57346
100,0.98,0.96,0.87,0.66,0.48,0.39,0.36,0.36,0.35,0.35,0.35,0.35
200,0.99,0.94,0.84,0.65,0.495,0.355,0.33,0.3,0.285,0.285,0.285,0.28
350,0.9942857142857143,0.9571428571428572,0.8285714285714286,0.5771428571428572,0.4,0.26857142857142857,0.2057142857142857,0.19714285714285715,0.19142857142857142,0.19142857142857142,0.19142857142857142,0.18
500,0.996,0.934,0.774,0.536,0.322,0.198,0.142,0.122,0.118,0.118,0.118,0.112
750,0.9826666666666667,0.9066666666666666,0.732,0.48,0.2773333333333333,0.144,0.092,0.06666666666666667,0.064,0.064,0.064,0.058666666666666666
1000,0.968,0.89,0.701,0.423,0.224,0.105,0.062,0.045,0.04,0.04,0.04,0.035
1500,0.9646666666666667,0.858,0.6326666666666667,0.38066666666666665,0.17466666666666666,0.07133333333333333,0.03266666666666666,0.02266666666666667,0.022,0.022,0.022,0.018666666666666668
2000,0.95,0.8125,0.5735,0.3265,0.153,0.048,0.021,0.0145,0.0125,0.0125,0.0125,0.01
3000,0.9406666666666667,0.792,0.53,0.29033333333333333,0.11166666666666666,0.028666666666666667,0.009333333333333334,0.004,0.0033333333333333335,0.0033333333333333335,0.0033333333333333335,0.0016666666666666668
5000,0.9108,0.7232,0.4412,0.2044,0.0648,0.0118,0.002,0.0004,0.0004,0.0004,0.0004,0.0002
7000,0.8934285714285715,0.6782857142857143,0.387,0.16257142857142856,0.04585714285714286,0.005857142857142857,0.0005714285714285715,0.0,0.0,0.0,0.0,0.0
