,0.30521,0.32182,0.33932,0.35778,0.37725,0.39777,0.41941,0.44223,0.46629,0.49166,0.51841,0.54661
100,0.98,0.98,0.96,0.94,0.92,0.86,0.74,0.59,0.4,0.29,0.17,0.04
200,0.98,0.96,0.93,0.9,0.835,0.76,0.6,0.45,0.275,0.175,0.105,0.04
350,0.9771428571428571,0.96,0.9057142857142857,0.8314285714285714,0.76,0.6828571428571428,0.5485714285714286,0.35714285714285715,0.21142857142857144,0.11428571428571428,0.06857142857142857,0.02857142857142857
500,0.98,0.958,0.902,0.826,0.738,0.618,0.482,0.32,0.188,0.094,0.05,0.024
750,0.964,0.9213333333333333,0.8746666666666667,0.7986666666666666,0.7093333333333334,0.592,0.44533333333333336,0.29733333333333334,0.16533333333333333,0.09466666666666666,0.050666666666666665,0.025333333333333333
1000,0.96,0.913,0.85,0.76,0.653,0.537,0.387,0.253,0.135,0.07,0.037,0.017
1500,0.954,0.8913333333333333,0.8206666666666667,0.7113333333333334,0.5846666666666667,0.4593333333333333,0.32,0.19533333333333333,0.10133333333333333,0.05533333333333333,0.03266666666666666,0.012666666666666666
2000,0.9495,0.885,0.8025,0.6845,0.544,0.412,0.2805,0.17,0.086,0.0425,0.0235,0.01
3000,0.9263333333333333,0.8593333333333333,0.7606666666666667,0.633,0.49033333333333334,0.34833333333333333,0.22333333333333333,0.135,0.069,0.034333333333333334,0.019333333333333334,0.009
5000,0.8936,0.8092,0.6884,0.5558,0.4116,0.2752,0.1706,0.0916,0.048,0.0234,0.0118,0.0064
7000,0.8697142857142857,0.7735714285714286,0.6447142857142857,0.5048571428571429,0.35528571428571426,0.23114285714285715,0.1357142857142857,0.07628571428571429,0.03857142857142857,0.022,0.011285714285714286,0.0064285714285714285
