,0.79993,0.87612,0.95957,1.05096,1.15106,1.26069,1.38077,1.51228,1.65631,1.81407,1.98685,2.17608
100,1.0,1.0,1.0,1.0,1.0,0.94,0.9,0.8,0.66,0.52,0.38,0.23
200,1.0,1.0,1.0,1.0,1.0,0.925,0.85,0.715,0.565,0.385,0.25,0.13
350,0.9885714285714285,0.9771428571428571,0.9485714285714286,0.9057142857142857,0.8828571428571429,0.7971428571428572,0.6685714285714286,0.5142857142857142,0.39714285714285713,0.26285714285714284,0.15428571428571428,0.07428571428571429
500,0.968,0.962,0.938,0.888,0.84,0.74,0.61,0.458,0.334,0.21,0.12,0.056
750,0.968,0.952,0.9146666666666666,0.8546666666666667,0.7893333333333333,0.6426666666666667,0.5066666666666667,0.36,0.24133333333333334,0.15733333333333333,0.084,0.037333333333333336
1000,0.966,0.938,0.895,0.831,0.739,0.585,0.447,0.301,0.199,0.118,0.063,0.028
1500,0.9533333333333334,0.9126666666666666,0.86,0.7746666666666666,0.6586666666666666,0.496,0.368,0.24866666666666667,0.16066666666666668,0.09,0.04666666666666667,0.018
2000,0.95,0.9085,0.84,0.7385,0.6065,0.4475,0.3185,0.2085,0.131,0.0745,0.0325,0.01
3000,0.928,0.8706666666666667,0.786,0.6536666666666666,0.509,0.36933333333333335,0.2613333333333333,0.16966666666666666,0.10333333333333333,0.056,0.024333333333333332,0.009666666666666667
5000,0.8958,0.8102,0.7044,0.5582,0.4194,0.286,0.19,0.12,0.0684,0.0348,0.0136,0.0056
7000,0.8675714285714285,0.7724285714285715,0.6474285714285715,0.4937142857142857,0.3605714285714286,0.24,0.15057142857142858,0.091,0.05242857142857143,0.02542857142857143,0.011142857142857144,0.004714285714285714
