corpus,n,r_own,G_own,instability,d_twonn
random,25,0.3492,0.588,0.1961,13.03
random,50,0.3492,0.5047,0.1556,13.03
random,100,0.3492,0.4267,0.1538,13.03
random,200,0.3492,0.3612,0.1577,13.03
random,400,0.3492,0.3021,0.1449,13.03
citizens,25,0.2713,0.6187,0.1476,8.74
citizens,50,0.2713,0.5087,0.1189,8.74
citizens,100,0.2713,0.3943,0.1063,8.74
citizens,200,0.2713,0.3038,0.0954,8.74
citizens,400,0.2713,0.2303,0.1237,8.74
trump,25,0.2991,0.5733,0.1614,7.91
trump,50,0.2991,0.4807,0.1185,7.91
trump,100,0.2991,0.408,0.1107,7.91
trump,200,0.2991,0.347,0.0849,7.91
trump,400,0.2991,0.2868,0.0874,7.91
covid,25,0.3347,0.6173,0.1389,9.95
covid,50,0.3347,0.5013,0.1125,9.95
covid,100,0.3347,0.3847,0.0888,9.95
covid,200,0.3347,0.3207,0.0629,9.95
covid,400,0.3347,0.2488,0.0522,9.95
illegal,25,0.2674,0.5733,0.1646,10.87
illegal,50,0.2674,0.4893,0.1359,10.87
illegal,100,0.2674,0.4007,0.1196,10.87
illegal,200,0.2674,0.3162,0.0978,10.87
illegal,400,0.2674,0.2661,0.0764,10.87
sv_askdocs,25,0.5547,0.6813,0.2699,12.57
sv_askdocs,50,0.5547,0.5513,0.1821,12.57
sv_askdocs,100,0.5547,0.3603,0.1504,12.57
sv_askdocs,200,0.5547,0.2128,0.1018,12.57
sv_askdocs,400,0.5547,0.1151,0.0837,12.57
sv_trump,25,0.3024,0.5547,0.1415,8.67
sv_trump,50,0.3024,0.4893,0.1073,8.67
sv_trump,100,0.3024,0.403,0.1115,8.67
sv_trump,200,0.3024,0.3415,0.0948,8.67
sv_trump,400,0.3024,0.2667,0.0916,8.67
sv_tifu,25,0.4348,0.6267,0.1354,13.27
sv_tifu,50,0.4348,0.5307,0.0961,13.27
sv_tifu,100,0.4348,0.3573,0.0881,13.27
sv_tifu,200,0.4348,0.224,0.0812,13.27
sv_tifu,400,0.4348,0.1492,0.0828,13.27
