corpus,seed,d_twonn,r2_nrd,r2_heldout,b,mae_pred_G,n_target,mae_G_vs_M,mae_Gfpc_vs_M
askdocs,42,13.62,0.973,0.948,0.511,0.044,7000,0.0717,0.0108
askdocs,43,13.13,0.965,0.932,0.557,0.0489,7000,0.0816,0.0112
askdocs,44,13.46,0.978,0.97,0.496,0.0344,7000,0.0746,0.0065
trump,42,9.16,0.811,0.448,0.246,0.0643,7000,0.1304,0.009
trump,43,9.93,0.878,0.612,0.27,0.0576,7000,0.1196,0.0078
trump,44,8.87,0.881,0.604,0.271,0.0567,7000,0.1208,0.0111
tifu,42,17.66,0.972,0.954,0.47,0.0293,7000,0.0573,0.0111
tifu,43,17.59,0.965,0.95,0.52,0.0349,7000,0.0654,0.0126
tifu,44,17.81,0.971,0.957,0.508,0.0265,7000,0.0697,0.015
