corpus,n,shared_cov,themes_seen,themes_occupied,cov_r0.20,cov_r0.30,cov_r0.40,gt_expected
citizens,25,0.5814668535269886,16.466666666666665,39.0,0.08933333333333332,0.5786666666666667,0.9453333333333334,0.5829364931278749
citizens,50,0.7817344035333588,24.833333333333332,39.0,0.14333333333333337,0.6733333333333333,0.9600000000000001,0.7692999880184602
citizens,100,0.8933537180957234,32.63333333333333,39.0,0.19666666666666668,0.7546666666666667,0.9723333333333333,0.8884775669993104
citizens,200,0.9367562746846733,39.6,39.0,0.26816666666666666,0.8173333333333334,0.9791666666666666,0.9376828118296452
citizens,400,0.9605512379496326,50.43333333333333,39.0,0.364,0.8725833333333334,0.98675,0.9600991201628599
covid,25,0.5900599876660874,16.366666666666667,42.0,0.017333333333333326,0.2533333333333333,0.656,0.5947891660943445
covid,50,0.7900076619760423,23.666666666666668,42.0,0.04466666666666666,0.3546666666666667,0.7799999999999999,0.7839419262941016
covid,100,0.8961858309506456,31.033333333333335,42.0,0.08166666666666668,0.447,0.8496666666666666,0.8968403000829772
covid,200,0.9385808525349927,38.03333333333333,42.0,0.12516666666666668,0.5276666666666666,0.8913333333333334,0.942149013544378
covid,400,0.9627553213358001,46.666666666666664,42.0,0.17475,0.6005833333333334,0.9299166666666667,0.9644546715575825
illegal,25,0.599713211642057,15.6,37.0,0.09866666666666667,0.5973333333333334,0.928,0.6029950511252333
illegal,50,0.7878444366934078,24.066666666666666,37.0,0.14666666666666664,0.6806666666666666,0.952,0.7840087307748922
illegal,100,0.8930608843932876,31.066666666666666,37.0,0.20866666666666667,0.7579999999999999,0.9626666666666667,0.8915086203296573
illegal,200,0.9366565903189551,38.6,37.0,0.2843333333333333,0.8186666666666667,0.9713333333333334,0.9365026470150991
illegal,400,0.9599174514591325,49.43333333333333,37.0,0.36008333333333337,0.8490833333333333,0.9774166666666667,0.9592252260854017
random,25,0.5422558037669734,17.466666666666665,61.0,0.019999999999999993,0.22533333333333333,0.612,0.528963574486754
random,50,0.6847349978098993,26.833333333333332,61.0,0.02733333333333334,0.29333333333333333,0.6813333333333332,0.6825928893656881
random,100,0.8009154621112572,39.666666666666664,61.0,0.08299999999999999,0.38366666666666666,0.74,0.7993437484340126
random,200,0.8735567236092859,54.63333333333333,61.0,0.11266666666666666,0.45249999999999996,0.7911666666666667,0.8752914266847619
random,400,0.9315593517301796,75.03333333333333,61.0,0.15366666666666667,0.5176666666666667,0.8245,0.9276112242542922
sv_askdocs,25,0.5723466666666667,17.0,32.0,0.0,0.0,0.010666666666666661,0.5749292138235256
sv_askdocs,50,0.8015233333333334,24.533333333333335,32.0,0.0,0.004,0.03266666666666666,0.7982279000514546
sv_askdocs,100,0.9348033333333334,29.8,32.0,0.0,0.006666666666666672,0.07966666666666668,0.9392204757901718
sv_askdocs,200,0.9834233333333333,33.5,32.0,0.0010000000000000009,0.013000000000000012,0.107,0.981419756406537
sv_askdocs,400,0.9883633333333335,36.36666666666667,32.0,0.001666666666666668,0.02158333333333333,0.17491666666666666,0.9881769987477346
sv_tifu,25,0.5593799999999999,16.866666666666667,31.0,0.0,0.0053333333333333306,0.18266666666666664,0.5692251944577904
sv_tifu,50,0.8315266666666667,25.6,31.0,0.0,0.013333333333333341,0.2693333333333333,0.8020962983456953
sv_tifu,100,0.9363033333333334,29.566666666666666,31.0,0.0,0.04266666666666669,0.4166666666666667,0.9453637281639276
sv_tifu,200,0.9848633333333333,32.666666666666664,31.0,0.002666666666666669,0.07283333333333332,0.5841666666666666,0.9835523917158577
sv_tifu,400,0.9886966666666667,35.8,31.0,0.0033333333333333327,0.1175,0.6899166666666667,0.9885293131247792
sv_trump,25,0.5294666666666666,17.4,44.0,0.09733333333333333,0.43066666666666664,0.8346666666666667,0.5255117270536248
sv_trump,50,0.73472,27.2,44.0,0.14933333333333335,0.5013333333333334,0.8566666666666667,0.7189345308289395
sv_trump,100,0.8588433333333333,36.766666666666666,44.0,0.17566666666666667,0.587,0.8963333333333333,0.8567057569213818
sv_trump,200,0.9225700000000001,47.53333333333333,44.0,0.21883333333333332,0.6491666666666667,0.9166666666666666,0.9230090380328901
sv_trump,400,0.9521333333333335,58.36666666666667,44.0,0.28475,0.7258333333333333,0.942,0.9522978147262005
trump,25,0.5321144146535705,17.266666666666666,43.0,0.108,0.43200000000000005,0.8133333333333332,0.5305386605112861
trump,50,0.7232357755950801,26.6,43.0,0.12466666666666668,0.5233333333333333,0.8533333333333334,0.7219172425944514
trump,100,0.8625586231306964,36.6,43.0,0.189,0.5953333333333333,0.8876666666666666,0.8581835134811902
trump,200,0.9290848155030529,46.13333333333333,43.0,0.22449999999999998,0.6561666666666667,0.9186666666666666,0.924000485875841
trump,400,0.9531756039288558,58.2,43.0,0.2825833333333333,0.7168333333333333,0.93725,0.9523888511382915
