corpus,n,draw,shared_cov,themes_seen,themes_occupied,cov_r0.20,cov_r0.30,cov_r0.40
random,25,0,0.554796320630749,18,61,0.0,0.36,0.72
random,25,1,0.6,16,61,0.07999999999999996,0.19999999999999996,0.4
random,25,2,0.5386333771353482,16,61,0.0,0.19999999999999996,0.64
random,25,3,0.4813403416557162,17,61,0.0,0.4,0.8
random,25,4,0.509724047306176,18,61,0.0,0.16000000000000003,0.56
random,25,5,0.5768725361366623,15,61,0.0,0.28,0.6799999999999999
random,25,6,0.5266754270696452,16,61,0.07999999999999996,0.43999999999999995,0.6
random,25,7,0.4754270696452037,19,61,0.0,0.24,0.72
random,25,8,0.5233902759526938,17,61,0.0,0.0,0.64
random,25,9,0.6064388961892248,21,61,0.0,0.12,0.72
random,25,10,0.5333771353482261,17,61,0.0,0.28,0.52
random,25,11,0.4319316688567674,17,61,0.0,0.07999999999999996,0.43999999999999995
random,25,12,0.564126149802891,19,61,0.0,0.07999999999999996,0.56
random,25,13,0.5210249671484888,20,61,0.0,0.19999999999999996,0.52
random,25,14,0.44034165571616296,15,61,0.0,0.16000000000000003,0.56
random,25,15,0.5015768725361367,18,61,0.07999999999999996,0.24,0.6
random,25,16,0.49802890932982913,19,61,0.0,0.16000000000000003,0.43999999999999995
random,25,17,0.6043363994743759,17,61,0.07999999999999996,0.43999999999999995,0.6799999999999999
random,25,18,0.5337713534822602,19,61,0.0,0.19999999999999996,0.6
random,25,19,0.5725361366622864,17,61,0.0,0.36,0.76
random,25,20,0.5116951379763469,19,61,0.0,0.24,0.43999999999999995
random,25,21,0.616557161629435,20,61,0.07999999999999996,0.19999999999999996,0.6
random,25,22,0.6222076215505913,19,61,0.0,0.19999999999999996,0.72
random,25,23,0.5706964520367938,17,61,0.0,0.12,0.56
random,25,24,0.5710906701708279,17,61,0.0,0.16000000000000003,0.64
random,25,25,0.5525624178712221,16,61,0.12,0.43999999999999995,0.64
random,25,26,0.597634691195795,18,61,0.07999999999999996,0.16000000000000003,0.64
random,25,27,0.5914586070959266,15,61,0.0,0.28,0.72
random,25,28,0.4672798948751643,16,61,0.0,0.07999999999999996,0.56
random,25,29,0.5721419185282524,16,61,0.0,0.28,0.6799999999999999
random,50,0,0.7191852825229962,28,61,0.0,0.31999999999999995,0.7
random,50,1,0.6314060446780553,27,61,0.040000000000000036,0.33999999999999997,0.6799999999999999
random,50,2,0.7082785808147174,24,61,0.040000000000000036,0.28,0.7
random,50,3,0.7319316688567674,31,61,0.0,0.21999999999999997,0.64
random,50,4,0.7416557161629436,26,61,0.0,0.28,0.6599999999999999
random,50,5,0.7081471747700394,27,61,0.0,0.36,0.74
random,50,6,0.7360052562417873,29,61,0.0,0.09999999999999998,0.62
random,50,7,0.7157687253613667,29,61,0.040000000000000036,0.4,0.74
random,50,8,0.7302233902759528,27,61,0.09999999999999998,0.5,0.76
random,50,9,0.6478318002628122,27,61,0.0,0.19999999999999996,0.52
random,50,10,0.6873850197109067,24,61,0.06000000000000005,0.31999999999999995,0.6
random,50,11,0.590013140604468,22,61,0.06000000000000005,0.38,0.76
random,50,12,0.7206307490144547,28,61,0.12,0.33999999999999997,0.6
random,50,13,0.7507227332457292,27,61,0.07999999999999996,0.31999999999999995,0.76
random,50,14,0.6412614980289093,24,61,0.0,0.18000000000000005,0.72
random,50,15,0.6350854139290409,23,61,0.0,0.26,0.6799999999999999
random,50,16,0.6797634691195796,29,61,0.09999999999999998,0.4,0.72
random,50,17,0.6818659658344284,25,61,0.0,0.24,0.62
random,50,18,0.6153745072273326,29,61,0.0,0.30000000000000004,0.6599999999999999
random,50,19,0.7636005256241788,29,61,0.040000000000000036,0.36,0.6799999999999999
random,50,20,0.6415243101182654,25,61,0.0,0.12,0.6799999999999999
random,50,21,0.6176084099868594,29,61,0.040000000000000036,0.33999999999999997,0.5800000000000001
random,50,22,0.6716162943495401,27,61,0.0,0.31999999999999995,0.78
random,50,23,0.62838370565046,27,61,0.0,0.24,0.5800000000000001
random,50,24,0.6839684625492772,26,61,0.06000000000000005,0.38,0.7
random,50,25,0.695400788436268,26,61,0.0,0.28,0.78
random,50,26,0.6099868593955323,28,61,0.040000000000000036,0.14,0.6599999999999999
random,50,27,0.726018396846255,32,61,0.0,0.30000000000000004,0.64
random,50,28,0.6905387647831802,23,61,0.0,0.33999999999999997,0.78
random,50,29,0.7408672798948751,27,61,0.0,0.24,0.7
random,100,0,0.8123521681997373,37,61,0.06999999999999995,0.37,0.75
random,100,1,0.7885676741130091,42,61,0.08999999999999997,0.4,0.7
random,100,2,0.8189224704336401,39,61,0.10999999999999999,0.43999999999999995,0.8200000000000001
random,100,3,0.7951379763469121,37,61,0.050000000000000044,0.42000000000000004,0.71
random,100,4,0.740735873850197,32,61,0.07999999999999996,0.43000000000000005,0.79
random,100,5,0.8299605781865967,38,61,0.040000000000000036,0.4,0.81
random,100,6,0.8173455978975034,42,61,0.020000000000000018,0.30000000000000004,0.8
random,100,7,0.8319316688567674,48,61,0.07999999999999996,0.4,0.72
random,100,8,0.826149802890933,41,61,0.09999999999999998,0.39,0.76
random,100,9,0.8028909329829174,39,61,0.06999999999999995,0.42000000000000004,0.74
random,100,10,0.78580814717477,37,61,0.12,0.43000000000000005,0.79
random,100,11,0.7628120893561104,35,61,0.19999999999999996,0.52,0.77
random,100,12,0.7772667542706964,43,61,0.07999999999999996,0.36,0.74
random,100,13,0.8224704336399474,42,61,0.06999999999999995,0.41000000000000003,0.69
random,100,14,0.8015768725361366,39,61,0.12,0.33999999999999997,0.74
random,100,15,0.8533508541392905,42,61,0.08999999999999997,0.35,0.73
random,100,16,0.7742444152431012,40,61,0.10999999999999999,0.36,0.73
random,100,17,0.7649145860709593,35,61,0.12,0.52,0.71
random,100,18,0.8272010512483574,43,61,0.06000000000000005,0.35,0.7
random,100,19,0.7840998685939553,40,61,0.06000000000000005,0.31999999999999995,0.72
random,100,20,0.8099868593955322,43,61,0.09999999999999998,0.25,0.74
random,100,21,0.8319316688567674,41,61,0.050000000000000044,0.36,0.76
random,100,22,0.7915900131406046,39,61,0.08999999999999997,0.42000000000000004,0.6799999999999999
random,100,23,0.8153745072273324,40,61,0.08999999999999997,0.39,0.79
random,100,24,0.768856767411301,38,61,0.08999999999999997,0.38,0.76
random,100,25,0.8254927726675427,40,61,0.020000000000000018,0.25,0.6799999999999999
random,100,26,0.7873850197109068,41,61,0.040000000000000036,0.32999999999999996,0.76
random,100,27,0.7884362680683311,36,61,0.06999999999999995,0.43000000000000005,0.72
random,100,28,0.8074901445466494,39,61,0.12,0.36,0.75
random,100,29,0.783180026281209,42,61,0.07999999999999996,0.41000000000000003,0.64
random,200,0,0.8802890932982916,56,61,0.06499999999999995,0.36,0.8
random,200,1,0.8528252299605782,53,61,0.09499999999999997,0.395,0.75
random,200,2,0.8639947437582128,50,61,0.10999999999999999,0.475,0.75
random,200,3,0.8475689881734559,58,61,0.11499999999999999,0.44499999999999995,0.8049999999999999
random,200,4,0.883048620236531,59,61,0.135,0.44999999999999996,0.78
random,200,5,0.8731931668856766,51,61,0.11499999999999999,0.48,0.825
random,200,6,0.8775295663600526,54,61,0.06999999999999995,0.43500000000000005,0.79
random,200,7,0.8660972404730617,50,61,0.11499999999999999,0.505,0.8200000000000001
random,200,8,0.8680683311432327,54,61,0.10499999999999998,0.48,0.81
random,200,9,0.8567674113009199,55,61,0.12,0.44499999999999995,0.8
random,200,10,0.8827858081471748,56,61,0.16000000000000003,0.44499999999999995,0.785
random,200,11,0.8750328515111696,54,61,0.14,0.49,0.775
random,200,12,0.8957950065703023,60,61,0.135,0.44499999999999995,0.74
random,200,13,0.8862023653088043,54,61,0.135,0.515,0.8200000000000001
random,200,14,0.8398160315374507,44,61,0.13,0.52,0.835
random,200,15,0.87634691195795,54,61,0.11499999999999999,0.43500000000000005,0.78
random,200,16,0.8605781865965835,60,61,0.07999999999999996,0.4,0.81
random,200,17,0.8709592641261499,55,61,0.18000000000000005,0.495,0.77
random,200,18,0.8822601839684626,56,61,0.125,0.495,0.81
random,200,19,0.876215505913272,53,61,0.15000000000000002,0.54,0.81
random,200,20,0.8921156373193166,54,61,0.05500000000000005,0.37,0.78
random,200,21,0.8708278580814717,51,61,0.07999999999999996,0.41500000000000004,0.75
random,200,22,0.885545335085414,59,61,0.10999999999999999,0.43000000000000005,0.77
random,200,23,0.907227332457293,62,61,0.07499999999999996,0.42000000000000004,0.775
random,200,24,0.8785808147174771,55,61,0.06499999999999995,0.45999999999999996,0.78
random,200,25,0.874113009198423,57,61,0.125,0.37,0.765
random,200,26,0.8624178712220762,51,61,0.08999999999999997,0.44499999999999995,0.815
random,200,27,0.8515111695137977,53,61,0.19499999999999995,0.49,0.8049999999999999
random,200,28,0.8696452036793693,52,61,0.08499999999999996,0.44999999999999996,0.815
random,200,29,0.8993429697766098,59,61,0.10499999999999998,0.475,0.815
random,400,0,0.9265440210249672,74,61,0.135,0.5125,0.8075
random,400,1,0.9180026281208935,71,61,0.15500000000000003,0.5575,0.845
random,400,2,0.947831800262812,82,61,0.16500000000000004,0.53,0.8325
random,400,3,0.9303547963206307,77,61,0.10250000000000004,0.515,0.8200000000000001
random,400,4,0.926149802890933,72,61,0.18999999999999995,0.5125,0.8275
random,400,5,0.9290407358738502,72,61,0.21750000000000003,0.5375,0.84
random,400,6,0.9365308804204994,75,61,0.16749999999999998,0.5325,0.8425
random,400,7,0.9399474375821287,79,61,0.14749999999999996,0.5125,0.8175
random,400,8,0.9203679369250984,71,61,0.15500000000000003,0.51,0.8075
random,400,9,0.9534822601839685,85,61,0.16749999999999998,0.47750000000000004,0.8225
random,400,10,0.9270696452036794,73,61,0.14249999999999996,0.5075000000000001,0.835
random,400,11,0.9287779237844942,68,61,0.135,0.505,0.835
random,400,12,0.9358738501971091,75,61,0.12749999999999995,0.51,0.81
random,400,13,0.9248357424441523,74,61,0.15749999999999997,0.5425,0.8375
random,400,14,0.942706964520368,80,61,0.16249999999999998,0.5075000000000001,0.8225
random,400,15,0.9417871222076215,81,61,0.11499999999999999,0.49250000000000005,0.84
random,400,16,0.9178712220762156,69,61,0.14500000000000002,0.525,0.8075
random,400,17,0.919185282522996,69,61,0.09250000000000003,0.5075000000000001,0.8049999999999999
random,400,18,0.9466491458607096,79,61,0.16749999999999998,0.51,0.8275
random,400,19,0.9341655716162944,71,61,0.16749999999999998,0.5425,0.835
random,400,20,0.926018396846255,72,61,0.13249999999999995,0.525,0.8025
random,400,21,0.9311432325886991,73,61,0.18999999999999995,0.47750000000000004,0.8325
random,400,22,0.9279894875164256,75,61,0.15500000000000003,0.475,0.8
random,400,23,0.9373193166885677,75,61,0.16249999999999998,0.5425,0.8325
random,400,24,0.9299605781865965,76,61,0.135,0.5075000000000001,0.815
random,400,25,0.9235216819973718,78,61,0.17000000000000004,0.52,0.815
random,400,26,0.9237844940867279,71,61,0.17000000000000004,0.54,0.8225
random,400,27,0.9269382391590013,76,61,0.14500000000000002,0.515,0.83
random,400,28,0.9375821287779238,79,61,0.16500000000000004,0.5025,0.825
random,400,29,0.935348226018397,79,61,0.17000000000000004,0.5775,0.8425
citizens,25,0,0.47572939227927125,15,39,0.0,0.36,0.96
citizens,25,1,0.5933239903172378,16,39,0.0,0.72,0.96
citizens,25,2,0.5765065613453944,15,39,0.07999999999999996,0.52,0.92
citizens,25,3,0.5143330360555485,17,39,0.0,0.8,0.96
citizens,25,4,0.5670786087399668,14,39,0.12,0.6,1.0
citizens,25,5,0.6561345394317748,17,39,0.0,0.56,0.84
citizens,25,6,0.6758822779971971,20,39,0.24,0.48,0.88
citizens,25,7,0.580583513823417,15,39,0.36,0.76,0.96
citizens,25,8,0.5626194419671295,16,39,0.07999999999999996,0.52,1.0
citizens,25,9,0.4866862020639573,15,39,0.16000000000000003,0.72,0.88
citizens,25,10,0.47305389221556887,14,39,0.07999999999999996,0.6,0.92
citizens,25,11,0.6272136577908014,16,39,0.16000000000000003,0.6,0.88
citizens,25,12,0.583641228181934,19,39,0.0,0.28,0.84
citizens,25,13,0.6058096572811822,15,39,0.0,0.52,0.96
citizens,25,14,0.5210854885972735,18,39,0.19999999999999996,0.48,0.84
citizens,25,15,0.5387947509236846,16,39,0.19999999999999996,0.8,0.92
citizens,25,16,0.5692444897439164,15,39,0.0,0.6,1.0
citizens,25,17,0.6116702764683399,19,39,0.16000000000000003,0.52,1.0
citizens,25,18,0.48197222576124343,14,39,0.0,0.6799999999999999,0.96
citizens,25,19,0.5294942030831953,18,39,0.07999999999999996,0.4,0.96
citizens,25,20,0.7412409224104981,19,39,0.12,0.6799999999999999,0.92
citizens,25,21,0.6549878965473308,16,39,0.16000000000000003,0.6,1.0
citizens,25,22,0.5544655370110844,17,39,0.0,0.4,0.92
citizens,25,23,0.661103325264365,17,39,0.07999999999999996,0.64,1.0
citizens,25,24,0.5083450121034526,16,39,0.0,0.52,1.0
citizens,25,25,0.569626704038731,14,39,0.0,0.6799999999999999,0.96
citizens,25,26,0.5432539176965218,17,39,0.07999999999999996,0.56,1.0
citizens,25,27,0.6375334437507962,19,39,0.07999999999999996,0.76,0.96
citizens,25,28,0.6269588482609249,15,39,0.16000000000000003,0.64,0.96
citizens,25,29,0.7156325646579182,20,39,0.07999999999999996,0.36,1.0
citizens,50,0,0.766084851573449,28,39,0.16000000000000003,0.64,0.96
citizens,50,1,0.7165243980124856,23,39,0.12,0.72,1.0
citizens,50,2,0.772964708880112,25,39,0.07999999999999996,0.64,0.92
citizens,50,3,0.7388202318766722,26,39,0.28,0.74,0.98
citizens,50,4,0.8032870429354058,26,39,0.12,0.76,0.98
citizens,50,5,0.7900369473818322,23,39,0.18000000000000005,0.8200000000000001,1.0
citizens,50,6,0.8610014014524143,27,39,0.16000000000000003,0.6599999999999999,0.92
citizens,50,7,0.6846732067779334,22,39,0.18000000000000005,0.6799999999999999,0.94
citizens,50,8,0.8252006625047776,25,39,0.18000000000000005,0.78,0.96
citizens,50,9,0.7609886609759204,25,39,0.21999999999999997,0.56,0.92
citizens,50,10,0.7646833991591285,25,39,0.24,0.72,0.98
citizens,50,11,0.8575614727990827,30,39,0.07999999999999996,0.5800000000000001,0.94
citizens,50,12,0.8254554720346541,24,39,0.07999999999999996,0.6599999999999999,0.94
citizens,50,13,0.751560708370493,24,39,0.040000000000000036,0.6799999999999999,0.98
citizens,50,14,0.7268441839724805,22,39,0.12,0.72,1.0
citizens,50,15,0.8232895910307046,27,39,0.16000000000000003,0.5800000000000001,0.96
citizens,50,16,0.716142183717671,24,39,0.24,0.6599999999999999,0.98
citizens,50,17,0.8438017581857562,27,39,0.18000000000000005,0.7,0.98
citizens,50,18,0.8327175436361319,26,39,0.18000000000000005,0.6799999999999999,0.94
citizens,50,19,0.7728373041151739,25,39,0.06000000000000005,0.52,0.96
citizens,50,20,0.7614982800356734,23,39,0.06000000000000005,0.64,0.92
citizens,50,21,0.7487578035418525,26,39,0.040000000000000036,0.64,0.94
citizens,50,22,0.7713084469359154,23,39,0.09999999999999998,0.78,0.98
citizens,50,23,0.7206013504905084,20,39,0.18000000000000005,0.6799999999999999,0.98
citizens,50,24,0.8469868773092114,27,39,0.07999999999999996,0.56,0.9
citizens,50,25,0.8320805198114409,23,39,0.18000000000000005,0.7,0.98
citizens,50,26,0.7422601605300039,25,39,0.0,0.6599999999999999,0.94
citizens,50,27,0.76315454197987,23,39,0.16000000000000003,0.5800000000000001,0.98
citizens,50,28,0.7939864950949165,24,39,0.21999999999999997,0.76,0.96
citizens,50,29,0.8369219008790929,27,39,0.21999999999999997,0.7,0.98
citizens,100,0,0.8783284494840108,29,39,0.08999999999999997,0.7,0.97
citizens,100,1,0.8429099248311887,31,39,0.16000000000000003,0.8,0.95
citizens,100,2,0.8630398776914258,28,39,0.13,0.84,0.98
citizens,100,3,0.9146388074914003,34,39,0.29000000000000004,0.78,0.98
citizens,100,4,0.8890304497388202,38,39,0.31000000000000005,0.73,0.95
citizens,100,5,0.9229201172123837,38,39,0.20999999999999996,0.81,0.98
citizens,100,6,0.9142565931965856,35,39,0.27,0.78,0.98
citizens,100,7,0.9015161167027645,30,39,0.24,0.78,0.98
citizens,100,8,0.8815135686074659,30,39,0.21999999999999997,0.83,0.97
citizens,100,9,0.9397375461842272,38,39,0.21999999999999997,0.71,0.96
citizens,100,10,0.8455854248948911,29,39,0.10999999999999999,0.69,0.96
citizens,100,11,0.9120907121926359,30,39,0.27,0.8,0.95
citizens,100,12,0.9114536883679449,37,39,0.06000000000000005,0.76,0.98
citizens,100,13,0.9083959740094278,32,39,0.14,0.65,0.95
citizens,100,14,0.8234169957956426,31,39,0.18999999999999995,0.69,0.97
citizens,100,15,0.890814116447955,33,39,0.22999999999999998,0.73,0.98
citizens,100,16,0.9247037839215188,34,39,0.14,0.78,0.97
citizens,100,17,0.8862275449101796,29,39,0.12,0.65,0.98
citizens,100,18,0.9152758313160912,34,39,0.25,0.72,0.98
citizens,100,19,0.869282711173398,31,39,0.20999999999999996,0.8,0.99
citizens,100,20,0.8915785450375844,29,39,0.26,0.81,0.97
citizens,100,21,0.9202446171486813,33,39,0.17000000000000004,0.72,0.99
citizens,100,22,0.8761625684800611,32,39,0.21999999999999997,0.75,0.97
citizens,100,23,0.9275066887501593,34,39,0.27,0.81,0.95
citizens,100,24,0.920626831443496,33,39,0.19999999999999996,0.74,0.98
citizens,100,25,0.8987132118741241,32,39,0.24,0.78,1.0
citizens,100,26,0.9057204739457256,35,39,0.13,0.72,0.97
citizens,100,27,0.8488979487832845,33,39,0.17000000000000004,0.76,0.97
citizens,100,28,0.906612307300293,31,39,0.19999999999999996,0.79,0.99
citizens,100,29,0.8694101159383361,36,39,0.18000000000000005,0.73,0.97
citizens,200,0,0.9245763791565804,40,39,0.28,0.86,0.985
citizens,200,1,0.9220282838578163,35,39,0.29500000000000004,0.755,0.955
citizens,200,2,0.9278889030449738,42,39,0.255,0.825,0.99
citizens,200,3,0.9207542362084342,35,39,0.37,0.905,0.985
citizens,200,4,0.9268696649254683,42,39,0.20999999999999996,0.79,0.99
citizens,200,5,0.9487832844948402,42,39,0.33499999999999996,0.84,0.99
citizens,200,6,0.896802140400051,34,39,0.32499999999999996,0.79,0.985
citizens,200,7,0.9441967129570645,40,39,0.245,0.85,0.99
citizens,200,8,0.944451522486941,43,39,0.22499999999999998,0.76,0.97
citizens,200,9,0.9277614982800357,36,39,0.24,0.795,0.975
citizens,200,10,0.9564275703911327,44,39,0.29500000000000004,0.84,0.975
citizens,200,11,0.9354057841763281,38,39,0.235,0.84,0.99
citizens,200,12,0.9393553318894126,40,39,0.21999999999999997,0.815,0.975
citizens,200,13,0.9461077844311377,39,39,0.25,0.78,0.97
citizens,200,14,0.9506943559689133,42,39,0.21999999999999997,0.795,0.985
citizens,200,15,0.920626831443496,36,39,0.275,0.83,0.965
citizens,200,16,0.9424130462479297,38,39,0.32499999999999996,0.865,0.99
citizens,200,17,0.9515861893234807,42,39,0.25,0.8049999999999999,0.985
citizens,200,18,0.9213912600331252,37,39,0.29500000000000004,0.815,0.99
citizens,200,19,0.9509491654987896,41,39,0.28500000000000003,0.87,0.97
citizens,200,20,0.9289081411644795,38,39,0.345,0.84,0.985
citizens,200,21,0.929162950694356,38,39,0.26,0.755,0.955
citizens,200,22,0.9466174034908905,41,39,0.26,0.785,0.995
citizens,200,23,0.9401197604790419,39,39,0.25,0.8049999999999999,0.98
citizens,200,24,0.9457255701363231,41,39,0.27,0.8,0.975
citizens,200,25,0.9517135940884188,46,39,0.21499999999999997,0.81,0.965
citizens,200,26,0.9422856414829914,41,39,0.24,0.83,0.99
citizens,200,27,0.9314562364632436,39,39,0.19999999999999996,0.825,0.995
citizens,200,28,0.9504395464390368,41,39,0.265,0.83,0.96
citizens,200,29,0.937189450885463,38,39,0.31000000000000005,0.815,0.965
citizens,400,0,0.9700598802395209,54,39,0.33499999999999996,0.8875,0.9875
citizens,400,1,0.9673843801758186,53,39,0.38249999999999995,0.8825000000000001,0.99
citizens,400,2,0.9573194037457001,50,39,0.36750000000000005,0.8625,0.99
citizens,400,3,0.9619059752834754,50,39,0.38,0.8375,0.9925
citizens,400,4,0.967639189705695,60,39,0.38,0.8625,0.9825
citizens,400,5,0.9634348324627341,48,39,0.33999999999999997,0.8575,0.98
citizens,400,6,0.9575742132755766,47,39,0.34750000000000003,0.91,0.9875
citizens,400,7,0.9555357370365651,51,39,0.3325,0.885,1.0
citizens,400,8,0.9633074276977959,49,39,0.31999999999999995,0.8674999999999999,0.985
citizens,400,9,0.9551535227417506,51,39,0.36750000000000005,0.8525,0.985
citizens,400,10,0.9538794750923685,45,39,0.4075,0.9075,0.985
citizens,400,11,0.9662377372913746,54,39,0.3075,0.8375,0.9825
citizens,400,12,0.9526054274429863,48,39,0.3425,0.8775,0.99
citizens,400,13,0.9630526181679193,54,39,0.33999999999999997,0.8775,0.9925
citizens,400,14,0.9557905465664417,52,39,0.39249999999999996,0.8775,0.9875
citizens,400,15,0.9573194037456999,47,39,0.38749999999999996,0.86,0.9825
citizens,400,16,0.9466174034908905,45,39,0.38249999999999995,0.875,0.9875
citizens,400,17,0.9550261179768122,51,39,0.35750000000000004,0.8725,0.9825
citizens,400,18,0.9612689514587845,49,39,0.355,0.8825000000000001,0.9875
citizens,400,19,0.9638170467575489,51,39,0.33999999999999997,0.8525,0.975
citizens,400,20,0.9622881895782902,52,39,0.3325,0.8725,0.975
citizens,400,21,0.9639444515224869,54,39,0.36750000000000005,0.89,0.9875
citizens,400,22,0.9631800229328576,50,39,0.38749999999999996,0.8674999999999999,0.975
citizens,400,23,0.9545164989170596,44,39,0.41000000000000003,0.8725,0.9925
citizens,400,24,0.967002165881004,52,39,0.35750000000000004,0.8825000000000001,0.9925
citizens,400,25,0.9680214040005096,52,39,0.375,0.8825000000000001,0.985
citizens,400,26,0.9612689514587844,47,39,0.37250000000000005,0.86,0.9925
citizens,400,27,0.9606319276340936,54,39,0.36250000000000004,0.875,0.99
citizens,400,28,0.9587208561600205,49,39,0.395,0.86,0.985
citizens,400,29,0.9620333800484138,50,39,0.395,0.89,0.995
trump,25,0,0.5445978232014865,15,43,0.19999999999999996,0.4,0.8
trump,25,1,0.5484138571807805,16,43,0.12,0.56,0.76
trump,25,2,0.5527940005309264,16,43,0.0,0.56,0.84
trump,25,3,0.5693190868064772,20,43,0.07999999999999996,0.4,0.88
trump,25,4,0.5897929386779931,18,43,0.0,0.19999999999999996,0.8
trump,25,5,0.4611428192195381,16,43,0.0,0.19999999999999996,0.88
trump,25,6,0.5336474648261216,16,43,0.19999999999999996,0.52,0.88
trump,25,7,0.6420891956464031,20,43,0.07999999999999996,0.52,0.72
trump,25,8,0.519146535704805,19,43,0.0,0.56,0.8
trump,25,9,0.47534510220334486,14,43,0.28,0.64,0.8
trump,25,10,0.5299641624634989,18,43,0.12,0.31999999999999995,0.96
trump,25,11,0.5475511016724184,20,43,0.07999999999999996,0.48,0.8
trump,25,12,0.5066365808335546,18,43,0.16000000000000003,0.36,0.84
trump,25,13,0.5841850278736395,19,43,0.0,0.12,0.76
trump,25,14,0.48410538890363686,14,43,0.24,0.52,0.8
trump,25,15,0.4677462171489248,15,43,0.07999999999999996,0.4,0.96
trump,25,16,0.5467878948765595,17,43,0.12,0.48,0.72
trump,25,17,0.46950491106981684,18,43,0.16000000000000003,0.4,0.76
trump,25,18,0.4954539421290151,16,43,0.16000000000000003,0.48,0.88
trump,25,19,0.4528470931775949,18,43,0.0,0.6,0.88
trump,25,20,0.5605588001061852,19,43,0.12,0.4,0.72
trump,25,21,0.5667971860897266,16,43,0.16000000000000003,0.48,0.6799999999999999
trump,25,22,0.5991173347491374,18,43,0.07999999999999996,0.36,0.8
trump,25,23,0.5524953543934165,19,43,0.19999999999999996,0.4,0.92
trump,25,24,0.6079439872577648,18,43,0.16000000000000003,0.4,0.8
trump,25,25,0.5914520838863817,19,43,0.07999999999999996,0.36,0.72
trump,25,26,0.47235864082824525,16,43,0.07999999999999996,0.36,0.76
trump,25,27,0.40911202548447045,17,43,0.0,0.52,0.76
trump,25,28,0.5169232811255641,15,43,0.28,0.56,0.92
trump,25,29,0.5656026015396868,18,43,0.0,0.4,0.8
trump,50,0,0.7258096628616936,26,43,0.06000000000000005,0.54,0.84
trump,50,1,0.7030130076984338,27,43,0.040000000000000036,0.48,0.84
trump,50,2,0.6713565171223784,27,43,0.09999999999999998,0.33999999999999997,0.9
trump,50,3,0.782121051234404,27,43,0.18000000000000005,0.5,0.92
trump,50,4,0.7386846296787895,27,43,0.09999999999999998,0.52,0.8200000000000001
trump,50,5,0.7364945580037165,28,43,0.07999999999999996,0.6,0.88
trump,50,6,0.7386182638704539,29,43,0.14,0.48,0.8200000000000001
trump,50,7,0.7037762144942925,24,43,0.19999999999999996,0.64,0.86
trump,50,8,0.7590921157419697,28,43,0.09999999999999998,0.5800000000000001,0.86
trump,50,9,0.6965091584815505,22,43,0.18000000000000005,0.5,0.88
trump,50,10,0.6476971064507565,27,43,0.09999999999999998,0.6,0.86
trump,50,11,0.7754512874966818,26,43,0.07999999999999996,0.54,0.86
trump,50,12,0.7052694451818424,25,43,0.12,0.54,0.9
trump,50,13,0.661667109105389,23,43,0.0,0.42000000000000004,0.86
trump,50,14,0.7618462967878948,27,43,0.19999999999999996,0.64,0.92
trump,50,15,0.7025484470400849,25,43,0.19999999999999996,0.56,0.8200000000000001
trump,50,16,0.8404897796655163,27,43,0.09999999999999998,0.45999999999999996,0.86
trump,50,17,0.7205999469073534,26,43,0.14,0.5,0.8
trump,50,18,0.683966020706132,31,43,0.040000000000000036,0.4,0.78
trump,50,19,0.6995619856649855,28,43,0.12,0.5800000000000001,0.88
trump,50,20,0.7316830368993895,28,43,0.16000000000000003,0.48,0.84
trump,50,21,0.7980820281391028,28,43,0.09999999999999998,0.5800000000000001,0.86
trump,50,22,0.6628285107512609,23,43,0.18000000000000005,0.5800000000000001,0.94
trump,50,23,0.763140430050438,25,43,0.24,0.7,0.88
trump,50,24,0.6683368728431112,28,43,0.14,0.42000000000000004,0.86
trump,50,25,0.6953145739315104,23,43,0.18000000000000005,0.45999999999999996,0.76
trump,50,26,0.7154897796655163,30,43,0.18000000000000005,0.38,0.84
trump,50,27,0.7122046721529067,30,43,0.040000000000000036,0.4,0.76
trump,50,28,0.7148593044863287,24,43,0.14,0.64,0.88
trump,50,29,0.7805614547385187,29,43,0.09999999999999998,0.64,0.8200000000000001
trump,100,0,0.8502455534908415,37,43,0.19999999999999996,0.62,0.9299999999999999
trump,100,1,0.8565171223785506,36,43,0.14,0.56,0.88
trump,100,2,0.8980621183966021,37,43,0.12,0.6,0.86
trump,100,3,0.8921223785505707,38,43,0.28,0.62,0.88
trump,100,4,0.8667042739580568,37,43,0.14,0.52,0.84
trump,100,5,0.8193190868064774,36,43,0.15000000000000002,0.51,0.86
trump,100,6,0.9179054950889302,40,43,0.20999999999999996,0.54,0.87
trump,100,7,0.7836806477302893,32,43,0.26,0.71,0.95
trump,100,8,0.8888040881337935,41,43,0.20999999999999996,0.7,0.9
trump,100,9,0.8797783382001593,33,43,0.16000000000000003,0.54,0.9
trump,100,10,0.8805415449960181,35,43,0.26,0.52,0.89
trump,100,11,0.868131138837271,35,43,0.08999999999999997,0.55,0.87
trump,100,12,0.9101738784178393,41,43,0.16000000000000003,0.53,0.85
trump,100,13,0.8473918237324132,32,43,0.19999999999999996,0.64,0.92
trump,100,14,0.8143416511813114,34,43,0.19999999999999996,0.6599999999999999,0.96
trump,100,15,0.8255906556941864,35,43,0.14,0.61,0.88
trump,100,16,0.899090788425803,37,43,0.14,0.65,0.92
trump,100,17,0.8507764799575259,34,43,0.22999999999999998,0.6,0.87
trump,100,18,0.8694916379081498,36,43,0.22999999999999998,0.63,0.9
trump,100,19,0.8000398194850014,37,43,0.15000000000000002,0.51,0.86
trump,100,20,0.8913591717547118,39,43,0.29000000000000004,0.61,0.9
trump,100,21,0.8628882399787628,37,43,0.24,0.72,0.92
trump,100,22,0.878351473320945,38,43,0.21999999999999997,0.52,0.83
trump,100,23,0.9056941863551898,41,43,0.16000000000000003,0.61,0.92
trump,100,24,0.859238120520308,38,43,0.18000000000000005,0.6,0.94
trump,100,25,0.8924542075922485,38,43,0.22999999999999998,0.6599999999999999,0.9
trump,100,26,0.833521369790284,35,43,0.18000000000000005,0.53,0.88
trump,100,27,0.8073068754977436,37,43,0.09999999999999998,0.5700000000000001,0.83
trump,100,28,0.8598685956994957,37,43,0.17000000000000004,0.61,0.85
trump,100,29,0.8673679320414123,35,43,0.22999999999999998,0.61,0.87
trump,200,0,0.9052959915051765,39,43,0.265,0.62,0.92
trump,200,1,0.9392421024688081,47,43,0.26,0.6799999999999999,0.915
trump,200,2,0.9479028404565969,51,43,0.15000000000000002,0.61,0.885
trump,200,3,0.9233143084682773,42,43,0.19499999999999995,0.6699999999999999,0.935
trump,200,4,0.936487921422883,57,43,0.18000000000000005,0.5800000000000001,0.89
trump,200,5,0.9331364481019379,46,43,0.22999999999999998,0.595,0.9
trump,200,6,0.94189673480223,46,43,0.26,0.645,0.895
trump,200,7,0.9260021237058668,45,43,0.235,0.7050000000000001,0.95
trump,200,8,0.9323732413060791,46,43,0.22999999999999998,0.6799999999999999,0.9
trump,200,9,0.928889036368463,44,43,0.24,0.675,0.925
trump,200,10,0.9261680382267056,44,43,0.245,0.6799999999999999,0.92
trump,200,11,0.9267321475975577,46,43,0.21999999999999997,0.665,0.935
trump,200,12,0.9392089195646404,44,43,0.20999999999999996,0.61,0.905
trump,200,13,0.9064242102468807,38,43,0.21999999999999997,0.7,0.945
trump,200,14,0.9293204141226441,51,43,0.245,0.645,0.9
trump,200,15,0.9171091053889036,47,43,0.235,0.72,0.94
trump,200,16,0.9332359968144412,45,43,0.31000000000000005,0.6950000000000001,0.925
trump,200,17,0.9372843111229094,48,43,0.19499999999999995,0.5900000000000001,0.925
trump,200,18,0.920692859039023,46,43,0.16000000000000003,0.62,0.94
trump,200,19,0.9382797982479426,48,43,0.24,0.64,0.945
trump,200,20,0.9288226705601276,51,43,0.18999999999999995,0.665,0.92
trump,200,21,0.914719936288824,46,43,0.18999999999999995,0.6699999999999999,0.94
trump,200,22,0.9202282983806743,44,43,0.18000000000000005,0.665,0.895
trump,200,23,0.9307140960976905,45,43,0.26,0.6950000000000001,0.895
trump,200,24,0.9418967348022299,46,43,0.255,0.635,0.915
trump,200,25,0.9119989381470666,46,43,0.245,0.6699999999999999,0.92
trump,200,26,0.9444518184231485,49,43,0.22999999999999998,0.61,0.9
trump,200,27,0.9295858773559863,46,43,0.15500000000000003,0.6950000000000001,0.9299999999999999
trump,200,28,0.9346296787894877,46,43,0.275,0.7,0.935
trump,200,29,0.9264998672683834,45,43,0.22999999999999998,0.655,0.915
trump,400,0,0.9469737191398991,60,43,0.27,0.6925,0.91
trump,400,1,0.94830103530661,54,43,0.32499999999999996,0.7525,0.9475
trump,400,2,0.94919697371914,59,43,0.235,0.6575,0.915
trump,400,3,0.9560658348818689,60,43,0.29000000000000004,0.665,0.925
trump,400,4,0.9621383063445713,61,43,0.24750000000000005,0.7150000000000001,0.9375
trump,400,5,0.957359968144412,58,43,0.3175,0.73,0.935
trump,400,6,0.9576917971860898,59,43,0.29500000000000004,0.7625,0.92
trump,400,7,0.955037164852668,58,43,0.2925,0.74,0.9425
trump,400,8,0.954307140960977,58,43,0.255,0.755,0.935
trump,400,9,0.963930183169631,64,43,0.26,0.73,0.9425
trump,400,10,0.9588863817361296,60,43,0.27249999999999996,0.71,0.9325
trump,400,11,0.9516193257233871,56,43,0.30500000000000005,0.71,0.9475
trump,400,12,0.9554353597026812,61,43,0.31499999999999995,0.7675,0.94
trump,400,13,0.9461773294398725,50,43,0.25,0.74,0.9375
trump,400,14,0.9473387310857447,54,43,0.3175,0.6975,0.9475
trump,400,15,0.9552030793735068,55,43,0.2975,0.7075,0.9299999999999999
trump,400,16,0.9524820812317494,64,43,0.2975,0.7075,0.95
trump,400,17,0.9491306079108045,58,43,0.25,0.7150000000000001,0.9375
trump,400,18,0.9526811786567562,57,43,0.265,0.6775,0.9299999999999999
trump,400,19,0.956928590390231,58,43,0.3125,0.725,0.95
trump,400,20,0.9567958587735598,58,43,0.2875,0.6975,0.9425
trump,400,21,0.9535107512609503,62,43,0.2975,0.7,0.94
trump,400,22,0.9600809662861693,58,43,0.27,0.7224999999999999,0.9425
trump,400,23,0.9599814175736661,62,43,0.3025,0.7525,0.955
trump,400,24,0.954738518715158,56,43,0.22499999999999998,0.6950000000000001,0.945
trump,400,25,0.9549707990443324,58,43,0.26249999999999996,0.7,0.9325
trump,400,26,0.96290151314043,67,43,0.3025,0.7175,0.945
trump,400,27,0.9315104857977169,47,43,0.27,0.71,0.9325
trump,400,28,0.946110963631537,59,43,0.2825,0.74,0.9475
trump,400,29,0.9377820546854261,55,43,0.3075,0.7125,0.9225
covid,25,0,0.5975220048214385,15,42,0.0,0.07999999999999996,0.76
covid,25,1,0.603745024387509,15,42,0.0,0.0,0.76
covid,25,2,0.5478499747715423,18,42,0.0,0.4,0.8
covid,25,3,0.5417390816841396,12,42,0.0,0.52,0.72
covid,25,4,0.5086617704770982,14,42,0.0,0.19999999999999996,0.56
covid,25,5,0.6185457195716768,17,42,0.0,0.28,0.64
covid,25,6,0.6353086281325334,18,42,0.0,0.4,0.6799999999999999
covid,25,7,0.6155743678869765,17,42,0.0,0.24,0.72
covid,25,8,0.49571116219095135,16,42,0.0,0.0,0.4
covid,25,9,0.5849077759712956,17,42,0.0,0.4,0.76
covid,25,10,0.6387845489712396,17,42,0.07999999999999996,0.19999999999999996,0.48
covid,25,11,0.6531367382407356,18,42,0.07999999999999996,0.36,0.56
covid,25,12,0.5145484106071649,17,42,0.0,0.12,0.6799999999999999
covid,25,13,0.5552503223636263,16,42,0.0,0.07999999999999996,0.64
covid,25,14,0.6568369120367774,18,42,0.0,0.19999999999999996,0.43999999999999995
covid,25,15,0.5867017996299826,18,42,0.0,0.07999999999999996,0.56
covid,25,16,0.6482592364186802,17,42,0.0,0.16000000000000003,0.76
covid,25,17,0.4842742613668217,13,42,0.0,0.4,0.88
covid,25,18,0.5090542131524359,16,42,0.0,0.36,0.64
covid,25,19,0.6475304143073387,16,42,0.0,0.31999999999999995,0.76
covid,25,20,0.6428771654426192,15,42,0.0,0.28,0.6799999999999999
covid,25,21,0.6472500981106688,17,42,0.0,0.16000000000000003,0.6799999999999999
covid,25,22,0.630655379267814,17,42,0.19999999999999996,0.36,0.72
covid,25,23,0.5801984638672423,18,42,0.0,0.31999999999999995,0.48
covid,25,24,0.5682009306497728,13,42,0.0,0.36,0.8
covid,25,25,0.6003812300274709,22,42,0.0,0.07999999999999996,0.48
covid,25,26,0.5535123619442731,13,42,0.07999999999999996,0.52,0.92
covid,25,27,0.5778998710545495,17,42,0.0,0.16000000000000003,0.52
covid,25,28,0.6569490385154454,20,42,0.0,0.36,0.56
covid,25,29,0.5999327241127992,14,42,0.07999999999999996,0.19999999999999996,0.64
covid,50,0,0.6972585075965689,18,42,0.09999999999999998,0.48,0.84
covid,50,1,0.797555642765039,22,42,0.040000000000000036,0.28,0.72
covid,50,2,0.8106183775298537,24,42,0.0,0.36,0.78
covid,50,3,0.8490216964736224,24,42,0.0,0.09999999999999998,0.7
covid,50,4,0.7782698884341536,23,42,0.040000000000000036,0.43999999999999995,0.84
covid,50,5,0.858496383921063,25,42,0.07999999999999996,0.24,0.76
covid,50,6,0.7934069630543252,25,42,0.09999999999999998,0.45999999999999996,0.7
covid,50,7,0.8329315467847731,23,42,0.040000000000000036,0.30000000000000004,0.88
covid,50,8,0.7873521332062565,23,42,0.040000000000000036,0.33999999999999997,0.84
covid,50,9,0.8684756405225094,24,42,0.07999999999999996,0.5,0.86
covid,50,10,0.8253069462353533,22,42,0.0,0.30000000000000004,0.78
covid,50,11,0.7645904580366654,25,42,0.07999999999999996,0.31999999999999995,0.72
covid,50,12,0.7358860794976733,22,42,0.07999999999999996,0.30000000000000004,0.8200000000000001
covid,50,13,0.7804563547681785,27,42,0.0,0.26,0.74
covid,50,14,0.7842125918035544,23,42,0.06000000000000005,0.21999999999999997,0.76
covid,50,15,0.7543869484778831,24,42,0.0,0.4,0.8200000000000001
covid,50,16,0.740259012165723,26,42,0.07999999999999996,0.38,0.76
covid,50,17,0.7530974939732016,22,42,0.07999999999999996,0.42000000000000004,0.7
covid,50,18,0.8579357515277232,27,42,0.0,0.38,0.78
covid,50,19,0.7678421259180356,22,42,0.040000000000000036,0.38,0.72
covid,50,20,0.7924538879856478,23,42,0.040000000000000036,0.36,0.78
covid,50,21,0.8600661546224142,29,42,0.0,0.31999999999999995,0.7
covid,50,22,0.7652632169086729,20,42,0.040000000000000036,0.36,0.86
covid,50,23,0.7942479116443347,24,42,0.09999999999999998,0.48,0.8200000000000001
covid,50,24,0.8039468520491114,21,42,0.07999999999999996,0.45999999999999996,0.86
covid,50,25,0.7646465212759993,26,42,0.0,0.21999999999999997,0.5800000000000001
covid,50,26,0.788361271514268,23,42,0.0,0.30000000000000004,0.78
covid,50,27,0.7608902842406234,25,42,0.09999999999999998,0.4,0.8200000000000001
covid,50,28,0.7386331782250377,22,42,0.040000000000000036,0.43999999999999995,0.88
covid,50,29,0.7943600381230027,26,42,0.0,0.43999999999999995,0.8
covid,100,0,0.8914055054101027,33,42,0.08999999999999997,0.28,0.78
covid,100,1,0.9065986432696082,32,42,0.09999999999999998,0.49,0.85
covid,100,2,0.9268374726691708,31,42,0.07999999999999996,0.42000000000000004,0.85
covid,100,3,0.885350675562034,29,42,0.10999999999999999,0.48,0.89
covid,100,4,0.8713909289678757,28,42,0.10999999999999999,0.39,0.86
covid,100,5,0.9145596232550316,32,42,0.07999999999999996,0.44999999999999996,0.8
covid,100,6,0.903290912148904,33,42,0.06999999999999995,0.41000000000000003,0.84
covid,100,7,0.9349105791332623,31,42,0.040000000000000036,0.42000000000000004,0.85
covid,100,8,0.9164097101530526,34,42,0.06000000000000005,0.51,0.88
covid,100,9,0.853114312945002,32,42,0.14,0.51,0.86
covid,100,10,0.8771654426192744,30,42,0.08999999999999997,0.45999999999999996,0.8200000000000001
covid,100,11,0.908785109603633,32,42,0.13,0.51,0.87
covid,100,12,0.9337332511072489,31,42,0.050000000000000044,0.36,0.86
covid,100,13,0.8704378538991981,31,42,0.16000000000000003,0.42000000000000004,0.8
covid,100,14,0.8880417110500646,28,42,0.050000000000000044,0.43999999999999995,0.79
covid,100,15,0.8911812524527667,30,42,0.050000000000000044,0.42000000000000004,0.89
covid,100,16,0.8769972529012726,31,42,0.040000000000000036,0.36,0.84
covid,100,17,0.845938218310254,25,42,0.030000000000000027,0.4,0.85
covid,100,18,0.9077759712956215,33,42,0.14,0.51,0.86
covid,100,19,0.8605146605370858,29,42,0.12,0.41000000000000003,0.83
covid,100,20,0.8670179962998262,28,42,0.12,0.45999999999999996,0.89
covid,100,21,0.8864158771093794,30,42,0.050000000000000044,0.43999999999999995,0.84
covid,100,22,0.936872792509951,36,42,0.0,0.43999999999999995,0.87
covid,100,23,0.910467006783652,32,42,0.07999999999999996,0.44999999999999996,0.85
covid,100,24,0.8954420586421482,30,42,0.030000000000000027,0.45999999999999996,0.84
covid,100,25,0.8952738689241465,29,42,0.040000000000000036,0.54,0.87
covid,100,26,0.9271738521051746,30,42,0.06000000000000005,0.5900000000000001,0.88
covid,100,27,0.8704378538991983,34,42,0.14,0.54,0.87
covid,100,28,0.9335089981499132,35,42,0.10999999999999999,0.43999999999999995,0.88
covid,100,29,0.8985255368055166,32,42,0.07999999999999996,0.4,0.83
covid,200,0,0.9503279699501037,39,42,0.14500000000000002,0.51,0.92
covid,200,1,0.9410214722206649,36,42,0.19499999999999995,0.62,0.925
covid,200,2,0.9433761282726916,39,42,0.10999999999999999,0.505,0.885
covid,200,3,0.9054773784829289,33,42,0.07999999999999996,0.46499999999999997,0.845
covid,200,4,0.9313785950552221,35,42,0.12,0.54,0.935
covid,200,5,0.9432079385546897,35,42,0.15500000000000003,0.5449999999999999,0.88
covid,200,6,0.9539160172674777,40,42,0.135,0.47,0.865
covid,200,7,0.9418063575713403,39,42,0.09999999999999998,0.53,0.945
covid,200,8,0.9489263889667545,40,42,0.18500000000000005,0.565,0.91
covid,200,9,0.9353590850479341,36,42,0.16000000000000003,0.605,0.875
covid,200,10,0.9390031956046421,34,42,0.08999999999999997,0.525,0.91
covid,200,11,0.9370970454672871,38,42,0.14500000000000002,0.505,0.89
covid,200,12,0.9310422156192185,39,42,0.15500000000000003,0.5349999999999999,0.9
covid,200,13,0.9520098671301228,40,42,0.06000000000000005,0.53,0.84
covid,200,14,0.948029377137411,42,42,0.08499999999999996,0.46499999999999997,0.915
covid,200,15,0.9410214722206649,40,42,0.08499999999999996,0.42500000000000004,0.8200000000000001
covid,200,16,0.9359197174412738,34,42,0.15000000000000002,0.5700000000000001,0.895
covid,200,17,0.9251555754891516,37,42,0.06999999999999995,0.54,0.88
covid,200,18,0.9545327129001514,43,42,0.08499999999999996,0.5800000000000001,0.905
covid,200,19,0.9188764926837472,32,42,0.14500000000000002,0.475,0.855
covid,200,20,0.9552054717721591,43,42,0.10999999999999999,0.575,0.905
covid,200,21,0.9541963334641476,39,42,0.16000000000000003,0.61,0.9299999999999999
covid,200,22,0.9526826260021304,40,42,0.16500000000000004,0.51,0.91
covid,200,23,0.9542523967034814,38,42,0.20499999999999996,0.5349999999999999,0.895
covid,200,24,0.9201659471884285,34,42,0.09499999999999997,0.5449999999999999,0.875
covid,200,25,0.9023939003195605,35,42,0.135,0.49,0.87
covid,200,26,0.9615966810562314,49,42,0.14,0.575,0.925
covid,200,27,0.9317149744912261,38,42,0.14,0.47,0.865
covid,200,28,0.9382743734933005,42,42,0.05500000000000005,0.51,0.88
covid,200,29,0.9094578684756405,32,42,0.09499999999999997,0.505,0.89
covid,400,0,0.9581207602175255,45,42,0.11250000000000004,0.5800000000000001,0.925
covid,400,1,0.9785277793350898,55,42,0.15249999999999997,0.5775,0.94
covid,400,2,0.9580086337388575,45,42,0.16500000000000004,0.65,0.9225
covid,400,3,0.9640074003475921,47,42,0.1775,0.6,0.935
covid,400,4,0.9675954476649661,47,42,0.14,0.5925,0.9299999999999999
covid,400,5,0.9560464203621686,45,42,0.1875,0.575,0.9275
covid,400,6,0.9591859617648708,43,42,0.16000000000000003,0.56,0.9325
covid,400,7,0.9621573134495709,45,42,0.18500000000000005,0.63,0.9325
covid,400,8,0.9626618826035768,46,42,0.19999999999999996,0.62,0.9425
covid,400,9,0.9661938666816169,50,42,0.18999999999999995,0.6275,0.9225
covid,400,10,0.9654650445702753,52,42,0.16249999999999998,0.5700000000000001,0.935
covid,400,11,0.9717441273756797,48,42,0.18999999999999995,0.61,0.9525
covid,400,12,0.969557661041655,46,42,0.16500000000000004,0.5900000000000001,0.94
covid,400,13,0.9559342938835005,44,42,0.1775,0.5349999999999999,0.9175
covid,400,14,0.9584571396535291,45,42,0.16249999999999998,0.565,0.925
covid,400,15,0.9753321746930538,51,42,0.17000000000000004,0.5725,0.9125
covid,400,16,0.9682121432976396,47,42,0.1775,0.6525000000000001,0.95
covid,400,17,0.9668105623142905,49,42,0.1775,0.625,0.94
covid,400,18,0.9552615350114931,46,42,0.16249999999999998,0.5800000000000001,0.9125
covid,400,19,0.9525704995234624,46,42,0.18000000000000005,0.625,0.915
covid,400,20,0.9584010764141951,44,42,0.11499999999999999,0.62,0.955
covid,400,21,0.9447777092560408,39,42,0.18500000000000005,0.6174999999999999,0.9175
covid,400,22,0.960531479508886,46,42,0.20750000000000002,0.64,0.94
covid,400,23,0.9582889499355272,45,42,0.21250000000000002,0.6225,0.945
covid,400,24,0.9649044121769355,46,42,0.18500000000000005,0.6225,0.9299999999999999
covid,400,25,0.962381566406907,49,42,0.20999999999999996,0.575,0.9075
covid,400,26,0.9604193530302181,45,42,0.21999999999999997,0.615,0.935
covid,400,27,0.9629982620395807,48,42,0.17500000000000004,0.5675,0.9075
covid,400,28,0.9684924594943096,48,42,0.14500000000000002,0.5825,0.915
covid,400,29,0.9696137242809889,48,42,0.1925,0.6174999999999999,0.935
illegal,25,0,0.4806999186141146,14,37,0.0,0.56,0.84
illegal,25,1,0.5965585397046854,17,37,0.16000000000000003,0.52,0.96
illegal,25,2,0.621090570863853,15,37,0.0,0.64,0.92
illegal,25,3,0.5848157191024299,17,37,0.0,0.24,0.8
illegal,25,4,0.6544587838623416,15,37,0.0,0.72,0.92
illegal,25,5,0.5937100337170096,16,37,0.07999999999999996,0.6799999999999999,0.92
illegal,25,6,0.5990001162655505,16,37,0.07999999999999996,0.56,0.92
illegal,25,7,0.6248110684804092,17,37,0.16000000000000003,0.6,0.96
illegal,25,8,0.5204046041158005,15,37,0.24,0.8,1.0
illegal,25,9,0.5741192884548308,14,37,0.12,0.56,0.96
illegal,25,10,0.5605162190442972,13,37,0.07999999999999996,0.48,0.88
illegal,25,11,0.6477153819323335,17,37,0.16000000000000003,0.64,0.92
illegal,25,12,0.604929659341937,14,37,0.31999999999999995,0.76,0.96
illegal,25,13,0.6627136379490757,17,37,0.16000000000000003,0.6799999999999999,0.92
illegal,25,14,0.5972561330077898,16,37,0.0,0.64,0.88
illegal,25,15,0.597779327985118,17,37,0.19999999999999996,0.6,0.92
illegal,25,16,0.6370189512847343,14,37,0.0,0.52,0.84
illegal,25,17,0.5866178351354494,15,37,0.07999999999999996,0.76,1.0
illegal,25,18,0.6101034763399604,15,37,0.0,0.52,0.96
illegal,25,19,0.5772003255435415,14,37,0.12,0.6,0.88
illegal,25,20,0.5452854319265201,16,37,0.07999999999999996,0.6,0.96
illegal,25,21,0.6097546796884084,16,37,0.07999999999999996,0.48,1.0
illegal,25,22,0.6726543425183118,17,37,0.07999999999999996,0.8,0.96
illegal,25,23,0.6380653412393908,15,37,0.16000000000000003,0.56,0.88
illegal,25,24,0.5630740611556795,16,37,0.07999999999999996,0.56,0.96
illegal,25,25,0.6352168352517149,16,37,0.07999999999999996,0.52,0.88
illegal,25,26,0.5113940239507034,13,37,0.16000000000000003,0.64,0.96
illegal,25,27,0.6092314847110801,18,37,0.0,0.43999999999999995,1.0
illegal,25,28,0.6165562143936751,17,37,0.0,0.52,0.92
illegal,25,29,0.6586443436809672,16,37,0.28,0.72,0.96
illegal,50,0,0.7134054179746541,22,37,0.07999999999999996,0.6599999999999999,0.94
illegal,50,1,0.8246134170445295,21,37,0.19999999999999996,0.6599999999999999,0.94
illegal,50,2,0.8069410533658876,24,37,0.24,0.6599999999999999,0.98
illegal,50,3,0.7976398093244972,25,37,0.09999999999999998,0.7,0.94
illegal,50,4,0.8325776072549703,23,37,0.19999999999999996,0.8,0.92
illegal,50,5,0.8389722125334264,28,37,0.07999999999999996,0.5800000000000001,0.88
illegal,50,6,0.7378211835833042,24,37,0.07999999999999996,0.6799999999999999,0.94
illegal,50,7,0.7979304732007906,25,37,0.07999999999999996,0.72,0.98
illegal,50,8,0.7372979886059761,27,37,0.19999999999999996,0.6799999999999999,0.9
illegal,50,9,0.7470061620741774,26,37,0.06000000000000005,0.62,0.92
illegal,50,10,0.855946982908964,29,37,0.14,0.6599999999999999,0.96
illegal,50,11,0.7604929659341936,21,37,0.18000000000000005,0.72,0.98
illegal,50,12,0.7519474479711661,24,37,0.12,0.78,0.92
illegal,50,13,0.8283920474363446,24,37,0.28,0.64,0.94
illegal,50,14,0.8789675619114056,30,37,0.07999999999999996,0.62,0.96
illegal,50,15,0.8376932914777352,25,37,0.0,0.72,0.96
illegal,50,16,0.7976979420997559,24,37,0.12,0.6799999999999999,0.94
illegal,50,17,0.8418207185211021,23,37,0.16000000000000003,0.6,0.98
illegal,50,18,0.8107196837577025,22,37,0.14,0.64,1.0
illegal,50,19,0.8477502615974887,28,37,0.09999999999999998,0.64,0.9
illegal,50,20,0.8233926287640972,25,37,0.18000000000000005,0.74,0.98
illegal,50,21,0.7204976165562145,24,37,0.06000000000000005,0.64,1.0
illegal,50,22,0.7621206836414369,23,37,0.12,0.6,0.98
illegal,50,23,0.6912568306010928,20,37,0.26,0.56,0.9
illegal,50,24,0.742936867806069,19,37,0.14,0.7,1.0
illegal,50,25,0.7066620160446461,22,37,0.14,0.76,0.96
illegal,50,26,0.8071735844669223,20,37,0.24,0.72,0.98
illegal,50,27,0.7991512614812231,26,37,0.21999999999999997,0.72,0.96
illegal,50,28,0.7490989419834904,24,37,0.19999999999999996,0.78,0.92
illegal,50,29,0.7874084408789677,24,37,0.19999999999999996,0.74,1.0
illegal,100,0,0.892803162422974,26,37,0.15000000000000002,0.8200000000000001,0.97
illegal,100,1,0.9194279734914544,28,37,0.21999999999999997,0.74,0.96
illegal,100,2,0.8701895128473432,28,37,0.31000000000000005,0.78,0.95
illegal,100,3,0.8542029996512033,27,37,0.36,0.73,0.97
illegal,100,4,0.9039646552726426,29,37,0.29000000000000004,0.8,0.99
illegal,100,5,0.9282060225555167,33,37,0.24,0.9,1.0
illegal,100,6,0.9056505057551446,33,37,0.24,0.7,0.94
illegal,100,7,0.9006510870828972,30,37,0.20999999999999996,0.71,0.95
illegal,100,8,0.874375072665969,29,37,0.17000000000000004,0.73,0.96
illegal,100,9,0.9076270201139403,33,37,0.10999999999999999,0.76,0.94
illegal,100,10,0.9361120799906987,37,37,0.26,0.8,0.95
illegal,100,11,0.8628066503894896,29,37,0.24,0.8200000000000001,0.98
illegal,100,12,0.9014068131612603,29,37,0.22999999999999998,0.8,0.99
illegal,100,13,0.8594930821997443,32,37,0.06999999999999995,0.6799999999999999,0.94
illegal,100,14,0.7938611789326823,28,37,0.32999999999999996,0.78,0.97
illegal,100,15,0.9211138239739565,35,37,0.31000000000000005,0.7,0.95
illegal,100,16,0.8872224159981397,33,37,0.20999999999999996,0.74,0.92
illegal,100,17,0.9136728287408441,30,37,0.29000000000000004,0.8200000000000001,0.97
illegal,100,18,0.8611207999069874,31,37,0.22999999999999998,0.72,0.98
illegal,100,19,0.892803162422974,29,37,0.13,0.71,0.97
illegal,100,20,0.8941402162539238,35,37,0.14,0.72,0.97
illegal,100,21,0.8979188466457388,37,37,0.15000000000000002,0.77,0.94
illegal,100,22,0.8651319613998372,27,37,0.19999999999999996,0.86,1.0
illegal,100,23,0.9094291361469596,37,37,0.20999999999999996,0.76,0.98
illegal,100,24,0.8778630391814906,26,37,0.26,0.8,0.95
illegal,100,25,0.8874549470991744,32,37,0.19999999999999996,0.6799999999999999,0.94
illegal,100,26,0.9293686780606907,32,37,0.15000000000000002,0.7,0.97
illegal,100,27,0.9300662713637949,33,37,0.13,0.8,0.98
illegal,100,28,0.9004185559818625,30,37,0.10999999999999999,0.76,0.97
illegal,100,29,0.9133240320892919,34,37,0.10999999999999999,0.65,0.9299999999999999
illegal,200,0,0.9293686780606906,34,37,0.30500000000000005,0.8,0.955
illegal,200,1,0.9498895477270085,41,37,0.30000000000000004,0.81,0.975
illegal,200,2,0.9403557725845831,39,37,0.31000000000000005,0.8,0.98
illegal,200,3,0.947331705615626,42,37,0.28500000000000003,0.85,0.965
illegal,200,4,0.9427392163701895,40,37,0.28500000000000003,0.83,0.975
illegal,200,5,0.9388443204278571,37,37,0.21999999999999997,0.83,0.965
illegal,200,6,0.9375072665969073,39,37,0.32499999999999996,0.79,0.975
illegal,200,7,0.9363446110917335,37,37,0.275,0.83,0.965
illegal,200,8,0.9409371003371702,40,37,0.24,0.81,0.97
illegal,200,9,0.9368678060690616,43,37,0.275,0.8200000000000001,0.98
illegal,200,10,0.9519241948610625,41,37,0.22999999999999998,0.8200000000000001,0.975
illegal,200,11,0.9397744448319962,38,37,0.245,0.825,0.97
illegal,200,12,0.9394837809557028,38,37,0.26,0.735,0.965
illegal,200,13,0.9237879316358563,33,37,0.31499999999999995,0.85,0.97
illegal,200,14,0.9230903383327519,39,37,0.395,0.84,0.975
illegal,200,15,0.9352400883618182,39,37,0.22999999999999998,0.81,0.98
illegal,200,16,0.9444250668526915,37,37,0.35,0.86,0.995
illegal,200,17,0.9339030345308685,36,37,0.33499999999999996,0.85,0.965
illegal,200,18,0.9341936984071618,38,37,0.33999999999999997,0.855,0.975
illegal,200,19,0.9319265201720729,41,37,0.19999999999999996,0.735,0.96
illegal,200,20,0.9325078479246598,39,37,0.26,0.81,0.96
illegal,200,21,0.9454133240320891,42,37,0.21499999999999997,0.785,0.975
illegal,200,22,0.9326822462504359,39,37,0.29500000000000004,0.825,0.975
illegal,200,23,0.9367515405185444,39,37,0.31000000000000005,0.83,0.98
illegal,200,24,0.9375072665969072,43,37,0.29500000000000004,0.835,0.96
illegal,200,25,0.9155330775491222,36,37,0.28,0.795,0.96
illegal,200,26,0.9416346936402744,36,37,0.255,0.835,0.98
illegal,200,27,0.9123357749098941,36,37,0.30500000000000005,0.86,0.975
illegal,200,28,0.9430880130217416,37,37,0.255,0.8,0.965
illegal,200,29,0.9443088013021741,39,37,0.33999999999999997,0.835,0.975
illegal,400,0,0.9586675967910708,49,37,0.38,0.8425,0.9825
illegal,400,1,0.9679688408324613,54,37,0.345,0.845,0.98
illegal,400,2,0.9522729915126147,42,37,0.365,0.875,0.9825
illegal,400,3,0.9688408324613416,51,37,0.3425,0.885,0.98
illegal,400,4,0.9648296709684919,54,37,0.32999999999999996,0.8200000000000001,0.98
illegal,400,5,0.9558190908033949,50,37,0.3225,0.825,0.975
illegal,400,6,0.9604115800488314,50,37,0.36250000000000004,0.815,0.975
illegal,400,7,0.9601209161725378,50,37,0.3275,0.8200000000000001,0.9775
illegal,400,8,0.9608766422509011,48,37,0.355,0.845,0.9925
illegal,400,9,0.9656435298221137,54,37,0.39749999999999996,0.835,0.975
illegal,400,10,0.9658179281478898,52,37,0.36750000000000005,0.85,0.9825
illegal,400,11,0.9618648994302987,50,37,0.37749999999999995,0.8525,0.9825
illegal,400,12,0.9662829903499592,53,37,0.37,0.8375,0.955
illegal,400,13,0.9708173468201372,56,37,0.30000000000000004,0.79,0.965
illegal,400,14,0.9570980118590862,46,37,0.3275,0.8625,0.9775
illegal,400,15,0.967271247529357,56,37,0.39,0.86,0.975
illegal,400,16,0.9500639460527845,44,37,0.375,0.8525,0.97
illegal,400,17,0.9572142774096034,46,37,0.40249999999999997,0.875,0.9925
illegal,400,18,0.9592489245436576,55,37,0.38749999999999996,0.8575,0.96
illegal,400,19,0.9650040692942681,49,37,0.405,0.855,0.9725
illegal,400,20,0.9391931170794093,43,37,0.43500000000000005,0.8475,0.975
illegal,400,21,0.9643064759911637,50,37,0.39749999999999996,0.8775,0.985
illegal,400,22,0.9490175560981281,44,37,0.37,0.8625,0.9675
illegal,400,23,0.9690152307871178,54,37,0.375,0.865,0.9675
illegal,400,24,0.9617486338797813,50,37,0.36750000000000005,0.87,0.9875
illegal,400,25,0.9531449831414951,43,37,0.3275,0.8425,0.985
illegal,400,26,0.9548308336239971,47,37,0.3375,0.8375,0.97
illegal,400,27,0.9554121613765841,46,37,0.3425,0.855,0.9825
illegal,400,28,0.9519823276363213,46,37,0.3375,0.8625,0.99
illegal,400,29,0.9627368910591791,51,37,0.2825,0.8525,0.98
sv_askdocs,25,0,0.679,21,32,0.0,0.0,0.0
sv_askdocs,25,1,0.5990000000000001,19,32,0.0,0.0,0.07999999999999996
sv_askdocs,25,2,0.5045999999999999,16,32,0.0,0.0,0.0
sv_askdocs,25,3,0.5114,14,32,0.0,0.0,0.0
sv_askdocs,25,4,0.6128,18,32,0.0,0.0,0.0
sv_askdocs,25,5,0.5505,16,32,0.0,0.0,0.0
sv_askdocs,25,6,0.6366000000000002,19,32,0.0,0.0,0.0
sv_askdocs,25,7,0.557,15,32,0.0,0.0,0.0
sv_askdocs,25,8,0.5683,16,32,0.0,0.0,0.0
sv_askdocs,25,9,0.5826,17,32,0.0,0.0,0.0
sv_askdocs,25,10,0.5765,17,32,0.0,0.0,0.0
sv_askdocs,25,11,0.48519999999999996,16,32,0.0,0.0,0.0
sv_askdocs,25,12,0.5101,15,32,0.0,0.0,0.0
sv_askdocs,25,13,0.6448000000000002,19,32,0.0,0.0,0.0
sv_askdocs,25,14,0.6568,20,32,0.0,0.0,0.0
sv_askdocs,25,15,0.5924999999999999,17,32,0.0,0.0,0.0
sv_askdocs,25,16,0.5922000000000001,19,32,0.0,0.0,0.0
sv_askdocs,25,17,0.5970000000000001,19,32,0.0,0.0,0.0
sv_askdocs,25,18,0.49129999999999996,15,32,0.0,0.0,0.0
sv_askdocs,25,19,0.5131,16,32,0.0,0.0,0.0
sv_askdocs,25,20,0.6263000000000001,19,32,0.0,0.0,0.0
sv_askdocs,25,21,0.5720999999999999,16,32,0.0,0.0,0.0
sv_askdocs,25,22,0.5707,17,32,0.0,0.0,0.0
sv_askdocs,25,23,0.5571999999999999,16,32,0.0,0.0,0.07999999999999996
sv_askdocs,25,24,0.5697,17,32,0.0,0.0,0.0
sv_askdocs,25,25,0.5491999999999999,16,32,0.0,0.0,0.07999999999999996
sv_askdocs,25,26,0.46549999999999997,15,32,0.0,0.0,0.07999999999999996
sv_askdocs,25,27,0.5850000000000001,17,32,0.0,0.0,0.0
sv_askdocs,25,28,0.6034,17,32,0.0,0.0,0.0
sv_askdocs,25,29,0.61,16,32,0.0,0.0,0.0
sv_askdocs,50,0,0.7883,23,32,0.0,0.0,0.040000000000000036
sv_askdocs,50,1,0.7829999999999999,25,32,0.0,0.0,0.0
sv_askdocs,50,2,0.7834000000000002,23,32,0.0,0.0,0.14
sv_askdocs,50,3,0.8247000000000001,26,32,0.0,0.0,0.0
sv_askdocs,50,4,0.8130999999999999,24,32,0.0,0.0,0.07999999999999996
sv_askdocs,50,5,0.8343999999999999,25,32,0.0,0.0,0.0
sv_askdocs,50,6,0.7982,23,32,0.0,0.0,0.0
sv_askdocs,50,7,0.8232,26,32,0.0,0.0,0.07999999999999996
sv_askdocs,50,8,0.7708,26,32,0.0,0.0,0.0
sv_askdocs,50,9,0.7845,24,32,0.0,0.0,0.0
sv_askdocs,50,10,0.8089000000000001,25,32,0.0,0.0,0.0
sv_askdocs,50,11,0.8916000000000001,26,32,0.0,0.0,0.0
sv_askdocs,50,12,0.8142999999999999,25,32,0.0,0.0,0.0
sv_askdocs,50,13,0.6292000000000001,20,32,0.0,0.07999999999999996,0.09999999999999998
sv_askdocs,50,14,0.7732,24,32,0.0,0.0,0.0
sv_askdocs,50,15,0.8384,25,32,0.0,0.0,0.09999999999999998
sv_askdocs,50,16,0.7675000000000002,23,32,0.0,0.0,0.040000000000000036
sv_askdocs,50,17,0.8658,27,32,0.0,0.0,0.040000000000000036
sv_askdocs,50,18,0.8252,27,32,0.0,0.0,0.07999999999999996
sv_askdocs,50,19,0.7729000000000001,22,32,0.0,0.0,0.07999999999999996
sv_askdocs,50,20,0.7645000000000001,22,32,0.0,0.0,0.040000000000000036
sv_askdocs,50,21,0.7376,23,32,0.0,0.0,0.0
sv_askdocs,50,22,0.7581,25,32,0.0,0.040000000000000036,0.12
sv_askdocs,50,23,0.8090999999999999,25,32,0.0,0.0,0.0
sv_askdocs,50,24,0.8174,25,32,0.0,0.0,0.0
sv_askdocs,50,25,0.8526,26,32,0.0,0.0,0.040000000000000036
sv_askdocs,50,26,0.7636,24,32,0.0,0.0,0.0
sv_askdocs,50,27,0.8030999999999999,25,32,0.0,0.0,0.0
sv_askdocs,50,28,0.8808000000000001,27,32,0.0,0.0,0.0
sv_askdocs,50,29,0.8683,25,32,0.0,0.0,0.0
sv_askdocs,100,0,0.8746,28,32,0.0,0.0,0.030000000000000027
sv_askdocs,100,1,0.9447000000000002,30,32,0.0,0.020000000000000018,0.06000000000000005
sv_askdocs,100,2,0.9202000000000001,30,32,0.0,0.0,0.06999999999999995
sv_askdocs,100,3,0.9349000000000002,30,32,0.0,0.0,0.19999999999999996
sv_askdocs,100,4,0.9621999999999999,32,32,0.0,0.0,0.06999999999999995
sv_askdocs,100,5,0.8999,30,32,0.0,0.0,0.06000000000000005
sv_askdocs,100,6,0.9053000000000002,28,32,0.0,0.0,0.040000000000000036
sv_askdocs,100,7,0.9109000000000002,28,32,0.0,0.0,0.06000000000000005
sv_askdocs,100,8,0.9516,31,32,0.0,0.020000000000000018,0.18000000000000005
sv_askdocs,100,9,0.9153000000000001,30,32,0.0,0.0,0.020000000000000018
sv_askdocs,100,10,0.9454000000000001,30,32,0.0,0.020000000000000018,0.06999999999999995
sv_askdocs,100,11,0.9455000000000001,31,32,0.0,0.020000000000000018,0.12
sv_askdocs,100,12,0.9395000000000001,30,32,0.0,0.0,0.06999999999999995
sv_askdocs,100,13,0.9523000000000001,30,32,0.0,0.020000000000000018,0.13
sv_askdocs,100,14,0.9255000000000002,28,32,0.0,0.0,0.10999999999999999
sv_askdocs,100,15,0.9313000000000001,29,32,0.0,0.0,0.10999999999999999
sv_askdocs,100,16,0.9002000000000001,28,32,0.0,0.0,0.06000000000000005
sv_askdocs,100,17,0.9227000000000001,30,32,0.0,0.040000000000000036,0.15000000000000002
sv_askdocs,100,18,0.9272000000000001,28,32,0.0,0.0,0.040000000000000036
sv_askdocs,100,19,0.9245000000000001,29,32,0.0,0.0,0.08999999999999997
sv_askdocs,100,20,0.9509000000000002,29,32,0.0,0.0,0.040000000000000036
sv_askdocs,100,21,0.9236000000000001,29,32,0.0,0.0,0.020000000000000018
sv_askdocs,100,22,0.9542999999999999,32,32,0.0,0.020000000000000018,0.14
sv_askdocs,100,23,0.9635000000000002,31,32,0.0,0.020000000000000018,0.06000000000000005
sv_askdocs,100,24,0.9579000000000001,29,32,0.0,0.0,0.050000000000000044
sv_askdocs,100,25,0.9618000000000001,30,32,0.0,0.0,0.08999999999999997
sv_askdocs,100,26,0.9495,32,32,0.0,0.0,0.020000000000000018
sv_askdocs,100,27,0.8868,29,32,0.0,0.0,0.040000000000000036
sv_askdocs,100,28,0.9824999999999999,32,32,0.0,0.020000000000000018,0.08999999999999997
sv_askdocs,100,29,0.9796000000000001,31,32,0.0,0.0,0.09999999999999998
sv_askdocs,200,0,0.9843,32,32,0.0,0.010000000000000009,0.09499999999999997
sv_askdocs,200,1,0.9851000000000001,35,32,0.0,0.025000000000000022,0.09499999999999997
sv_askdocs,200,2,0.9835999999999999,34,32,0.0,0.010000000000000009,0.08999999999999997
sv_askdocs,200,3,0.9884,36,32,0.0,0.010000000000000009,0.11499999999999999
sv_askdocs,200,4,0.9872000000000001,36,32,0.0,0.015000000000000013,0.10499999999999998
sv_askdocs,200,5,0.9854999999999999,33,32,0.0,0.0,0.10999999999999999
sv_askdocs,200,6,0.9877,34,32,0.0,0.010000000000000009,0.08499999999999996
sv_askdocs,200,7,0.9836,33,32,0.0,0.010000000000000009,0.08999999999999997
sv_askdocs,200,8,0.9854999999999999,34,32,0.0,0.010000000000000009,0.11499999999999999
sv_askdocs,200,9,0.9876,35,32,0.0,0.010000000000000009,0.16000000000000003
sv_askdocs,200,10,0.9865999999999998,33,32,0.0,0.030000000000000027,0.05500000000000005
sv_askdocs,200,11,0.9805999999999999,32,32,0.0,0.010000000000000009,0.08999999999999997
sv_askdocs,200,12,0.9834999999999999,32,32,0.0,0.020000000000000018,0.14
sv_askdocs,200,13,0.9843,32,32,0.0,0.030000000000000027,0.17000000000000004
sv_askdocs,200,14,0.9854999999999999,34,32,0.0,0.010000000000000009,0.15000000000000002
sv_askdocs,200,15,0.9688,35,32,0.0,0.0,0.13
sv_askdocs,200,16,0.9865999999999998,33,32,0.0,0.025000000000000022,0.13
sv_askdocs,200,17,0.9827,34,32,0.010000000000000009,0.040000000000000036,0.08999999999999997
sv_askdocs,200,18,0.9843999999999999,33,32,0.0,0.0,0.09499999999999997
sv_askdocs,200,19,0.9852,33,32,0.0,0.0,0.10999999999999999
sv_askdocs,200,20,0.9856,34,32,0.0,0.025000000000000022,0.08499999999999996
sv_askdocs,200,21,0.9861,33,32,0.0,0.0,0.08999999999999997
sv_askdocs,200,22,0.9796000000000001,31,32,0.010000000000000009,0.030000000000000027,0.16500000000000004
sv_askdocs,200,23,0.9815,33,32,0.0,0.0,0.10499999999999998
sv_askdocs,200,24,0.9837,33,32,0.0,0.030000000000000027,0.13
sv_askdocs,200,25,0.9883000000000001,35,32,0.0,0.010000000000000009,0.07499999999999996
sv_askdocs,200,26,0.9857999999999999,34,32,0.0,0.0,0.06000000000000005
sv_askdocs,200,27,0.9844999999999998,33,32,0.010000000000000009,0.010000000000000009,0.06999999999999995
sv_askdocs,200,28,0.9575,34,32,0.0,0.0,0.08499999999999996
sv_askdocs,200,29,0.9833999999999999,32,32,0.0,0.010000000000000009,0.125
sv_askdocs,400,0,0.9903000000000001,38,32,0.0,0.025000000000000022,0.19499999999999995
sv_askdocs,400,1,0.9895,36,32,0.0,0.02749999999999997,0.1825
sv_askdocs,400,2,0.9894000000000001,36,32,0.0,0.02749999999999997,0.1825
sv_askdocs,400,3,0.9851,33,32,0.0050000000000000044,0.02749999999999997,0.16749999999999998
sv_askdocs,400,4,0.9889000000000001,38,32,0.0,0.02749999999999997,0.15500000000000003
sv_askdocs,400,5,0.9866000000000001,36,32,0.0,0.010000000000000009,0.17000000000000004
sv_askdocs,400,6,0.9896,36,32,0.0050000000000000044,0.015000000000000013,0.17500000000000004
sv_askdocs,400,7,0.9890000000000001,39,32,0.0,0.022499999999999964,0.1775
sv_askdocs,400,8,0.9883,35,32,0.0050000000000000044,0.02749999999999997,0.22499999999999998
sv_askdocs,400,9,0.9873999999999999,34,32,0.0,0.01749999999999996,0.14
sv_askdocs,400,10,0.9879000000000001,36,32,0.0,0.015000000000000013,0.14749999999999996
sv_askdocs,400,11,0.9904000000000001,41,32,0.0,0.010000000000000009,0.20999999999999996
sv_askdocs,400,12,0.9907000000000001,37,32,0.0,0.03500000000000003,0.18500000000000005
sv_askdocs,400,13,0.9878000000000001,35,32,0.0050000000000000044,0.05249999999999999,0.1775
sv_askdocs,400,14,0.9835,32,32,0.0,0.0,0.14749999999999996
sv_askdocs,400,15,0.9915000000000003,39,32,0.010000000000000009,0.022499999999999964,0.15249999999999997
sv_askdocs,400,16,0.9838999999999999,34,32,0.0,0.015000000000000013,0.22250000000000003
sv_askdocs,400,17,0.9911000000000002,38,32,0.0,0.022499999999999964,0.1925
sv_askdocs,400,18,0.9939,40,32,0.0,0.010000000000000009,0.17500000000000004
sv_askdocs,400,19,0.9910000000000001,36,32,0.0,0.020000000000000018,0.135
sv_askdocs,400,20,0.9890000000000002,37,32,0.0050000000000000044,0.022499999999999964,0.19499999999999995
sv_askdocs,400,21,0.9874000000000002,36,32,0.0,0.012499999999999956,0.15749999999999997
sv_askdocs,400,22,0.9898000000000001,39,32,0.0,0.02749999999999997,0.19999999999999996
sv_askdocs,400,23,0.9921,40,32,0.0050000000000000044,0.03500000000000003,0.16249999999999998
sv_askdocs,400,24,0.9845999999999999,33,32,0.0,0.0050000000000000044,0.14249999999999996
sv_askdocs,400,25,0.9886000000000001,36,32,0.0,0.025000000000000022,0.16000000000000003
sv_askdocs,400,26,0.9842000000000001,35,32,0.0,0.025000000000000022,0.1725
sv_askdocs,400,27,0.9809,33,32,0.0050000000000000044,0.025000000000000022,0.20499999999999996
sv_askdocs,400,28,0.9900000000000002,38,32,0.0050000000000000044,0.030000000000000027,0.16000000000000003
sv_askdocs,400,29,0.9885,35,32,0.0,0.010000000000000009,0.1775
sv_trump,25,0,0.4312,13,44,0.16000000000000003,0.4,0.92
sv_trump,25,1,0.5586,19,44,0.0,0.52,0.88
sv_trump,25,2,0.5136000000000001,18,44,0.0,0.4,0.92
sv_trump,25,3,0.41820000000000007,15,44,0.24,0.6,0.88
sv_trump,25,4,0.5325000000000001,19,44,0.31999999999999995,0.52,0.6799999999999999
sv_trump,25,5,0.6361,18,44,0.0,0.6,0.92
sv_trump,25,6,0.5187,17,44,0.0,0.36,0.88
sv_trump,25,7,0.5556000000000001,17,44,0.12,0.56,0.88
sv_trump,25,8,0.5776000000000001,20,44,0.0,0.4,0.72
sv_trump,25,9,0.5226,18,44,0.0,0.16000000000000003,0.88
sv_trump,25,10,0.48070000000000007,17,44,0.0,0.43999999999999995,0.88
sv_trump,25,11,0.5855,20,44,0.07999999999999996,0.28,0.84
sv_trump,25,12,0.45930000000000004,13,44,0.16000000000000003,0.43999999999999995,0.72
sv_trump,25,13,0.4343,14,44,0.16000000000000003,0.48,0.84
sv_trump,25,14,0.5818,16,44,0.19999999999999996,0.43999999999999995,0.92
sv_trump,25,15,0.5517000000000001,17,44,0.24,0.52,0.64
sv_trump,25,16,0.5146,19,44,0.16000000000000003,0.36,0.76
sv_trump,25,17,0.5614,19,44,0.16000000000000003,0.43999999999999995,0.8
sv_trump,25,18,0.6139,21,44,0.24,0.56,0.84
sv_trump,25,19,0.4904,16,44,0.12,0.36,0.88
sv_trump,25,20,0.5881,18,44,0.0,0.31999999999999995,0.76
sv_trump,25,21,0.5385,16,44,0.12,0.36,0.72
sv_trump,25,22,0.5322000000000001,17,44,0.07999999999999996,0.24,0.6799999999999999
sv_trump,25,23,0.45380000000000004,17,44,0.16000000000000003,0.64,0.88
sv_trump,25,24,0.391,17,44,0.0,0.4,1.0
sv_trump,25,25,0.5730999999999999,16,44,0.0,0.24,0.8
sv_trump,25,26,0.5825,17,44,0.19999999999999996,0.6,0.88
sv_trump,25,27,0.5474,20,44,0.0,0.43999999999999995,0.88
sv_trump,25,28,0.5665,18,44,0.0,0.4,0.88
sv_trump,25,29,0.5726,20,44,0.0,0.43999999999999995,0.88
sv_trump,50,0,0.7772000000000001,28,44,0.14,0.64,0.8200000000000001
sv_trump,50,1,0.7169999999999999,28,44,0.26,0.5800000000000001,0.9
sv_trump,50,2,0.7643,27,44,0.19999999999999996,0.5,0.84
sv_trump,50,3,0.7420000000000001,29,44,0.040000000000000036,0.38,0.8
sv_trump,50,4,0.7107,28,44,0.07999999999999996,0.48,0.86
sv_trump,50,5,0.6895,24,44,0.16000000000000003,0.62,0.86
sv_trump,50,6,0.7738,28,44,0.07999999999999996,0.56,0.88
sv_trump,50,7,0.7504,29,44,0.12,0.43999999999999995,0.8
sv_trump,50,8,0.6943,26,44,0.19999999999999996,0.74,0.94
sv_trump,50,9,0.6936,29,44,0.18000000000000005,0.62,0.84
sv_trump,50,10,0.7355000000000002,26,44,0.12,0.6,0.86
sv_trump,50,11,0.769,29,44,0.06000000000000005,0.33999999999999997,0.84
sv_trump,50,12,0.8119,29,44,0.14,0.4,0.76
sv_trump,50,13,0.6631,24,44,0.16000000000000003,0.38,0.8200000000000001
sv_trump,50,14,0.7355,25,44,0.16000000000000003,0.54,0.8
sv_trump,50,15,0.7182,24,44,0.09999999999999998,0.24,0.84
sv_trump,50,16,0.7745000000000001,28,44,0.24,0.48,0.84
sv_trump,50,17,0.7329,25,44,0.14,0.6,0.94
sv_trump,50,18,0.6681,22,44,0.30000000000000004,0.5,0.88
sv_trump,50,19,0.7450000000000001,26,44,0.18000000000000005,0.54,0.86
sv_trump,50,20,0.7504000000000001,31,44,0.07999999999999996,0.42000000000000004,0.86
sv_trump,50,21,0.7706,29,44,0.07999999999999996,0.45999999999999996,0.88
sv_trump,50,22,0.7302,34,44,0.16000000000000003,0.42000000000000004,0.84
sv_trump,50,23,0.7026000000000001,26,44,0.14,0.56,0.84
sv_trump,50,24,0.7294,26,44,0.18000000000000005,0.43999999999999995,0.84
sv_trump,50,25,0.7049000000000001,24,44,0.18000000000000005,0.6,0.88
sv_trump,50,26,0.7175000000000001,26,44,0.16000000000000003,0.56,0.88
sv_trump,50,27,0.7544000000000001,29,44,0.18000000000000005,0.45999999999999996,0.88
sv_trump,50,28,0.7745000000000001,28,44,0.07999999999999996,0.52,0.9
sv_trump,50,29,0.7406,29,44,0.18000000000000005,0.42000000000000004,0.92
sv_trump,100,0,0.8527999999999999,34,44,0.15000000000000002,0.52,0.94
sv_trump,100,1,0.8989,36,44,0.10999999999999999,0.61,0.91
sv_trump,100,2,0.8817,36,44,0.17000000000000004,0.54,0.87
sv_trump,100,3,0.8685,39,44,0.16000000000000003,0.6799999999999999,0.9
sv_trump,100,4,0.8095000000000001,33,44,0.17000000000000004,0.6799999999999999,0.9
sv_trump,100,5,0.8759,34,44,0.10999999999999999,0.55,0.91
sv_trump,100,6,0.8841,38,44,0.18999999999999995,0.5700000000000001,0.91
sv_trump,100,7,0.8227,32,44,0.15000000000000002,0.69,0.9
sv_trump,100,8,0.8465000000000001,31,44,0.25,0.69,0.94
sv_trump,100,9,0.8885000000000001,40,44,0.20999999999999996,0.43000000000000005,0.85
sv_trump,100,10,0.8467,38,44,0.13,0.56,0.89
sv_trump,100,11,0.8765000000000001,35,44,0.21999999999999997,0.5700000000000001,0.9
sv_trump,100,12,0.9013000000000001,37,44,0.18000000000000005,0.5700000000000001,0.9299999999999999
sv_trump,100,13,0.8512000000000001,35,44,0.24,0.6,0.9299999999999999
sv_trump,100,14,0.8214000000000001,36,44,0.21999999999999997,0.5900000000000001,0.9299999999999999
sv_trump,100,15,0.8341999999999999,36,44,0.24,0.5700000000000001,0.89
sv_trump,100,16,0.8883,37,44,0.18999999999999995,0.56,0.87
sv_trump,100,17,0.8661000000000001,43,44,0.18000000000000005,0.53,0.89
sv_trump,100,18,0.8508000000000001,37,44,0.19999999999999996,0.6,0.89
sv_trump,100,19,0.8859000000000001,41,44,0.12,0.5700000000000001,0.9299999999999999
sv_trump,100,20,0.9034000000000001,39,44,0.12,0.6599999999999999,0.9
sv_trump,100,21,0.8604,36,44,0.31000000000000005,0.62,0.87
sv_trump,100,22,0.8364,40,44,0.16000000000000003,0.5700000000000001,0.85
sv_trump,100,23,0.8385,38,44,0.09999999999999998,0.56,0.85
sv_trump,100,24,0.8140999999999999,39,44,0.21999999999999997,0.64,0.9
sv_trump,100,25,0.8549,35,44,0.16000000000000003,0.5900000000000001,0.9
sv_trump,100,26,0.8927999999999999,40,44,0.18999999999999995,0.56,0.9299999999999999
sv_trump,100,27,0.8376000000000001,35,44,0.15000000000000002,0.5900000000000001,0.88
sv_trump,100,28,0.8580000000000001,35,44,0.18000000000000005,0.6,0.88
sv_trump,100,29,0.8177000000000001,38,44,0.08999999999999997,0.54,0.85
sv_trump,200,0,0.9218000000000003,45,44,0.245,0.69,0.94
sv_trump,200,1,0.9432,52,44,0.18999999999999995,0.655,0.92
sv_trump,200,2,0.917,47,44,0.17500000000000004,0.565,0.905
sv_trump,200,3,0.9235000000000001,47,44,0.245,0.6950000000000001,0.925
sv_trump,200,4,0.9097999999999999,43,44,0.22999999999999998,0.625,0.88
sv_trump,200,5,0.9331,49,44,0.24,0.605,0.91
sv_trump,200,6,0.9274,49,44,0.25,0.6950000000000001,0.915
sv_trump,200,7,0.9264,50,44,0.265,0.625,0.915
sv_trump,200,8,0.9074000000000001,44,44,0.22999999999999998,0.655,0.935
sv_trump,200,9,0.9104000000000001,47,44,0.19499999999999995,0.62,0.895
sv_trump,200,10,0.9282,50,44,0.22999999999999998,0.6699999999999999,0.91
sv_trump,200,11,0.9308000000000001,46,44,0.18999999999999995,0.63,0.905
sv_trump,200,12,0.9272,44,44,0.265,0.685,0.925
sv_trump,200,13,0.9151000000000001,45,44,0.21999999999999997,0.595,0.855
sv_trump,200,14,0.9413000000000001,49,44,0.26,0.625,0.91
sv_trump,200,15,0.9071,48,44,0.15000000000000002,0.645,0.94
sv_trump,200,16,0.929,48,44,0.22499999999999998,0.655,0.915
sv_trump,200,17,0.9077000000000002,46,44,0.18000000000000005,0.6599999999999999,0.91
sv_trump,200,18,0.9386000000000002,52,44,0.25,0.7050000000000001,0.915
sv_trump,200,19,0.9131000000000001,50,44,0.19999999999999996,0.62,0.9299999999999999
sv_trump,200,20,0.9133,51,44,0.245,0.69,0.945
sv_trump,200,21,0.9428000000000001,49,44,0.22499999999999998,0.665,0.92
sv_trump,200,22,0.9110999999999999,45,44,0.21999999999999997,0.605,0.9
sv_trump,200,23,0.9384000000000001,51,44,0.17000000000000004,0.645,0.935
sv_trump,200,24,0.9002000000000001,44,44,0.20999999999999996,0.645,0.9
sv_trump,200,25,0.9234000000000001,46,44,0.25,0.625,0.9299999999999999
sv_trump,200,26,0.9325000000000001,47,44,0.21999999999999997,0.645,0.905
sv_trump,200,27,0.9504,54,44,0.20499999999999996,0.7150000000000001,0.94
sv_trump,200,28,0.9066,42,44,0.16500000000000004,0.64,0.925
sv_trump,200,29,0.9003,46,44,0.21999999999999997,0.6799999999999999,0.945
sv_trump,400,0,0.9473000000000001,56,44,0.3175,0.77,0.9525
sv_trump,400,1,0.9501000000000001,61,44,0.2925,0.7224999999999999,0.95
sv_trump,400,2,0.9632000000000001,65,44,0.22999999999999998,0.6975,0.955
sv_trump,400,3,0.9603000000000002,57,44,0.32499999999999996,0.7324999999999999,0.945
sv_trump,400,4,0.9544,61,44,0.235,0.675,0.935
sv_trump,400,5,0.9512,56,44,0.28500000000000003,0.73,0.9475
sv_trump,400,6,0.9519,57,44,0.2825,0.7275,0.945
sv_trump,400,7,0.9534000000000001,63,44,0.26,0.7150000000000001,0.9175
sv_trump,400,8,0.9557,61,44,0.29500000000000004,0.76,0.9575
sv_trump,400,9,0.9393,61,44,0.26249999999999996,0.72,0.9375
sv_trump,400,10,0.9615,62,44,0.28500000000000003,0.7150000000000001,0.9425
sv_trump,400,11,0.9605000000000001,67,44,0.26249999999999996,0.7324999999999999,0.935
sv_trump,400,12,0.9499,58,44,0.2825,0.755,0.94
sv_trump,400,13,0.9603,64,44,0.25749999999999995,0.7175,0.9525
sv_trump,400,14,0.9546000000000001,55,44,0.36,0.7125,0.935
sv_trump,400,15,0.9559000000000001,57,44,0.26,0.7324999999999999,0.9325
sv_trump,400,16,0.9554,59,44,0.2825,0.7424999999999999,0.9375
sv_trump,400,17,0.9576000000000002,59,44,0.29500000000000004,0.73,0.945
sv_trump,400,18,0.9524000000000002,61,44,0.245,0.6950000000000001,0.965
sv_trump,400,19,0.9590000000000001,59,44,0.18500000000000005,0.6675,0.9175
sv_trump,400,20,0.9441,51,44,0.2875,0.7,0.92
sv_trump,400,21,0.9501000000000002,58,44,0.30500000000000005,0.71,0.9525
sv_trump,400,22,0.9389000000000001,54,44,0.3375,0.7625,0.9275
sv_trump,400,23,0.9551000000000001,63,44,0.3275,0.7424999999999999,0.94
sv_trump,400,24,0.9486,55,44,0.2925,0.71,0.94
sv_trump,400,25,0.9424999999999999,53,44,0.27249999999999996,0.735,0.9425
sv_trump,400,26,0.9506000000000001,55,44,0.28,0.7050000000000001,0.9475
sv_trump,400,27,0.9517000000000002,52,44,0.30000000000000004,0.78,0.955
sv_trump,400,28,0.9360000000000002,52,44,0.33499999999999996,0.755,0.935
sv_trump,400,29,0.9525,59,44,0.30500000000000005,0.725,0.955
sv_tifu,25,0,0.6268,18,31,0.0,0.0,0.24
sv_tifu,25,1,0.5717,17,31,0.0,0.07999999999999996,0.4
sv_tifu,25,2,0.5422,15,31,0.0,0.0,0.07999999999999996
sv_tifu,25,3,0.43779999999999997,14,31,0.0,0.0,0.31999999999999995
sv_tifu,25,4,0.5815999999999999,17,31,0.0,0.07999999999999996,0.31999999999999995
sv_tifu,25,5,0.5696999999999999,17,31,0.0,0.0,0.16000000000000003
sv_tifu,25,6,0.5518,18,31,0.0,0.0,0.0
sv_tifu,25,7,0.6720999999999999,19,31,0.0,0.0,0.24
sv_tifu,25,8,0.5324000000000001,18,31,0.0,0.0,0.28
sv_tifu,25,9,0.4719,14,31,0.0,0.0,0.16000000000000003
sv_tifu,25,10,0.5989,17,31,0.0,0.0,0.16000000000000003
sv_tifu,25,11,0.5581,16,31,0.0,0.0,0.24
sv_tifu,25,12,0.5948,18,31,0.0,0.0,0.0
sv_tifu,25,13,0.5418000000000001,16,31,0.0,0.0,0.07999999999999996
sv_tifu,25,14,0.5988,18,31,0.0,0.0,0.31999999999999995
sv_tifu,25,15,0.6227,18,31,0.0,0.0,0.0
sv_tifu,25,16,0.5407,19,31,0.0,0.0,0.19999999999999996
sv_tifu,25,17,0.5304,16,31,0.0,0.0,0.07999999999999996
sv_tifu,25,18,0.6007,17,31,0.0,0.0,0.24
sv_tifu,25,19,0.6032,17,31,0.0,0.0,0.07999999999999996
sv_tifu,25,20,0.5343,16,31,0.0,0.0,0.0
sv_tifu,25,21,0.5741999999999999,17,31,0.0,0.0,0.0
sv_tifu,25,22,0.5510999999999999,17,31,0.0,0.0,0.07999999999999996
sv_tifu,25,23,0.5055,15,31,0.0,0.0,0.31999999999999995
sv_tifu,25,24,0.4826,15,31,0.0,0.0,0.36
sv_tifu,25,25,0.5725,16,31,0.0,0.0,0.24
sv_tifu,25,26,0.5258999999999999,16,31,0.0,0.0,0.28
sv_tifu,25,27,0.5493,19,31,0.0,0.0,0.28
sv_tifu,25,28,0.5805,17,31,0.0,0.0,0.16000000000000003
sv_tifu,25,29,0.5573999999999999,19,31,0.0,0.0,0.16000000000000003
sv_tifu,50,0,0.8021,26,31,0.0,0.0,0.19999999999999996
sv_tifu,50,1,0.8835,27,31,0.0,0.0,0.19999999999999996
sv_tifu,50,2,0.8294999999999999,25,31,0.0,0.0,0.28
sv_tifu,50,3,0.8033,24,31,0.0,0.0,0.21999999999999997
sv_tifu,50,4,0.7777,25,31,0.0,0.040000000000000036,0.36
sv_tifu,50,5,0.8698,25,31,0.0,0.0,0.36
sv_tifu,50,6,0.8842000000000001,28,31,0.0,0.0,0.26
sv_tifu,50,7,0.6929000000000001,23,31,0.0,0.0,0.26
sv_tifu,50,8,0.8955,27,31,0.0,0.040000000000000036,0.16000000000000003
sv_tifu,50,9,0.8691,26,31,0.0,0.040000000000000036,0.4
sv_tifu,50,10,0.7995000000000001,23,31,0.0,0.0,0.21999999999999997
sv_tifu,50,11,0.8255999999999999,25,31,0.0,0.0,0.4
sv_tifu,50,12,0.7630999999999999,24,31,0.0,0.07999999999999996,0.26
sv_tifu,50,13,0.7310000000000001,22,31,0.0,0.0,0.30000000000000004
sv_tifu,50,14,0.8234000000000001,28,31,0.0,0.040000000000000036,0.24
sv_tifu,50,15,0.8717,27,31,0.0,0.040000000000000036,0.12
sv_tifu,50,16,0.8726,28,31,0.0,0.040000000000000036,0.14
sv_tifu,50,17,0.8351999999999999,25,31,0.0,0.0,0.33999999999999997
sv_tifu,50,18,0.9326000000000001,28,31,0.0,0.040000000000000036,0.42000000000000004
sv_tifu,50,19,0.7686000000000001,26,31,0.0,0.0,0.28
sv_tifu,50,20,0.9006000000000001,27,31,0.0,0.0,0.19999999999999996
sv_tifu,50,21,0.7751,23,31,0.0,0.0,0.19999999999999996
sv_tifu,50,22,0.7447,22,31,0.0,0.0,0.16000000000000003
sv_tifu,50,23,0.8002,24,31,0.0,0.040000000000000036,0.28
sv_tifu,50,24,0.9092,28,31,0.0,0.0,0.30000000000000004
sv_tifu,50,25,0.8293,26,31,0.0,0.0,0.36
sv_tifu,50,26,0.8833000000000001,27,31,0.0,0.0,0.26
sv_tifu,50,27,0.8575,27,31,0.0,0.0,0.45999999999999996
sv_tifu,50,28,0.812,25,31,0.0,0.0,0.24
sv_tifu,50,29,0.903,27,31,0.0,0.0,0.19999999999999996
sv_tifu,100,0,0.9279,30,31,0.0,0.050000000000000044,0.47
sv_tifu,100,1,0.9842000000000001,31,31,0.0,0.020000000000000018,0.42000000000000004
sv_tifu,100,2,0.9076000000000001,29,31,0.0,0.020000000000000018,0.44999999999999996
sv_tifu,100,3,0.9557000000000001,31,31,0.0,0.07999999999999996,0.49
sv_tifu,100,4,0.9023000000000001,29,31,0.0,0.040000000000000036,0.43999999999999995
sv_tifu,100,5,0.9578000000000001,30,31,0.0,0.0,0.31999999999999995
sv_tifu,100,6,0.9304000000000001,30,31,0.0,0.08999999999999997,0.36
sv_tifu,100,7,0.9659000000000002,30,31,0.0,0.020000000000000018,0.31000000000000005
sv_tifu,100,8,0.9237000000000002,30,31,0.0,0.08999999999999997,0.43999999999999995
sv_tifu,100,9,0.9438000000000001,29,31,0.0,0.040000000000000036,0.44999999999999996
sv_tifu,100,10,0.9466,30,31,0.0,0.040000000000000036,0.44999999999999996
sv_tifu,100,11,0.9468000000000001,29,31,0.0,0.020000000000000018,0.44999999999999996
sv_tifu,100,12,0.9165,30,31,0.0,0.050000000000000044,0.42000000000000004
sv_tifu,100,13,0.8853,27,31,0.0,0.040000000000000036,0.39
sv_tifu,100,14,0.9831000000000001,30,31,0.0,0.050000000000000044,0.45999999999999996
sv_tifu,100,15,0.9447000000000001,28,31,0.0,0.040000000000000036,0.47
sv_tifu,100,16,0.9346000000000001,28,31,0.0,0.020000000000000018,0.44999999999999996
sv_tifu,100,17,0.9427000000000001,30,31,0.0,0.020000000000000018,0.42000000000000004
sv_tifu,100,18,0.9879,33,31,0.0,0.06000000000000005,0.38
sv_tifu,100,19,0.908,27,31,0.0,0.06000000000000005,0.47
sv_tifu,100,20,0.8527,27,31,0.0,0.07999999999999996,0.42000000000000004
sv_tifu,100,21,0.9087000000000001,28,31,0.0,0.050000000000000044,0.45999999999999996
sv_tifu,100,22,0.9864,31,31,0.0,0.06000000000000005,0.4
sv_tifu,100,23,0.9841,32,31,0.0,0.0,0.31999999999999995
sv_tifu,100,24,0.9019000000000001,30,31,0.0,0.050000000000000044,0.38
sv_tifu,100,25,0.9207000000000001,30,31,0.0,0.020000000000000018,0.33999999999999997
sv_tifu,100,26,0.9548000000000001,30,31,0.0,0.050000000000000044,0.43000000000000005
sv_tifu,100,27,0.9305000000000001,30,31,0.0,0.06000000000000005,0.48
sv_tifu,100,28,0.9047000000000001,29,31,0.0,0.020000000000000018,0.37
sv_tifu,100,29,0.9491,29,31,0.0,0.040000000000000036,0.39
sv_tifu,200,0,0.9831000000000001,30,31,0.0,0.020000000000000018,0.56
sv_tifu,200,1,0.988,35,31,0.0,0.11499999999999999,0.6799999999999999
sv_tifu,200,2,0.9891000000000001,33,31,0.010000000000000009,0.050000000000000044,0.51
sv_tifu,200,3,0.9849000000000001,32,31,0.0,0.050000000000000044,0.5449999999999999
sv_tifu,200,4,0.9847999999999999,33,31,0.010000000000000009,0.07999999999999996,0.63
sv_tifu,200,5,0.9864,31,31,0.0,0.06000000000000005,0.615
sv_tifu,200,6,0.9851000000000001,35,31,0.0,0.020000000000000018,0.56
sv_tifu,200,7,0.9884,34,31,0.0,0.10999999999999999,0.595
sv_tifu,200,8,0.9869,32,31,0.0,0.06499999999999995,0.565
sv_tifu,200,9,0.9878,34,31,0.0,0.05500000000000005,0.5700000000000001
sv_tifu,200,10,0.9655000000000001,31,31,0.0,0.07499999999999996,0.53
sv_tifu,200,11,0.9862,34,31,0.0,0.06999999999999995,0.5349999999999999
sv_tifu,200,12,0.9879999999999999,32,31,0.0,0.05500000000000005,0.56
sv_tifu,200,13,0.9879,34,31,0.0,0.030000000000000027,0.585
sv_tifu,200,14,0.9880999999999999,33,31,0.0,0.06499999999999995,0.64
sv_tifu,200,15,0.9893000000000001,34,31,0.020000000000000018,0.08499999999999996,0.615
sv_tifu,200,16,0.9836,31,31,0.0,0.06999999999999995,0.625
sv_tifu,200,17,0.9868,33,31,0.0,0.09499999999999997,0.65
sv_tifu,200,18,0.9871,32,31,0.010000000000000009,0.09499999999999997,0.56
sv_tifu,200,19,0.9841,32,31,0.0,0.07999999999999996,0.5549999999999999
sv_tifu,200,20,0.9859,34,31,0.0,0.08999999999999997,0.56
sv_tifu,200,21,0.9855999999999998,33,31,0.0,0.07499999999999996,0.5549999999999999
sv_tifu,200,22,0.9840000000000001,31,31,0.0,0.09999999999999998,0.635
sv_tifu,200,23,0.9676000000000001,30,31,0.020000000000000018,0.10999999999999999,0.595
sv_tifu,200,24,0.9851999999999999,32,31,0.0,0.06000000000000005,0.595
sv_tifu,200,25,0.9862,34,31,0.010000000000000009,0.06499999999999995,0.5700000000000001
sv_tifu,200,26,0.9864,31,31,0.0,0.11499999999999999,0.63
sv_tifu,200,27,0.9842,32,31,0.0,0.07999999999999996,0.56
sv_tifu,200,28,0.9850000000000001,34,31,0.0,0.09999999999999998,0.5900000000000001
sv_tifu,200,29,0.9846999999999999,34,31,0.0,0.04500000000000004,0.55
sv_tifu,400,0,0.9864000000000002,36,31,0.0,0.09499999999999997,0.63
sv_tifu,400,1,0.9876000000000001,37,31,0.010000000000000009,0.07750000000000001,0.6575
sv_tifu,400,2,0.9865,36,31,0.0050000000000000044,0.1725,0.7275
sv_tifu,400,3,0.9896,37,31,0.012499999999999956,0.10499999999999998,0.69
sv_tifu,400,4,0.9882000000000001,35,31,0.0,0.12,0.735
sv_tifu,400,5,0.9901000000000001,37,31,0.0050000000000000044,0.16749999999999998,0.7224999999999999
sv_tifu,400,6,0.9911000000000001,40,31,0.0,0.12749999999999995,0.7125
sv_tifu,400,7,0.9933,42,31,0.0,0.11499999999999999,0.6475
sv_tifu,400,8,0.9886,35,31,0.0,0.10999999999999999,0.7050000000000001
sv_tifu,400,9,0.9897,34,31,0.0,0.08999999999999997,0.72
sv_tifu,400,10,0.9913000000000002,37,31,0.0,0.15500000000000003,0.6925
sv_tifu,400,11,0.9881,33,31,0.0050000000000000044,0.09499999999999997,0.71
sv_tifu,400,12,0.9865,34,31,0.0050000000000000044,0.16249999999999998,0.7224999999999999
sv_tifu,400,13,0.9905000000000002,36,31,0.010000000000000009,0.135,0.6775
sv_tifu,400,14,0.9912000000000002,37,31,0.0,0.11750000000000005,0.7125
sv_tifu,400,15,0.9841,32,31,0.0,0.09999999999999998,0.6975
sv_tifu,400,16,0.9886,35,31,0.0050000000000000044,0.10250000000000004,0.655
sv_tifu,400,17,0.9873999999999999,37,31,0.0050000000000000044,0.12,0.71
sv_tifu,400,18,0.9889000000000001,36,31,0.0050000000000000044,0.09999999999999998,0.64
sv_tifu,400,19,0.9884,33,31,0.0,0.10250000000000004,0.6975
sv_tifu,400,20,0.9892999999999998,34,31,0.0,0.11499999999999999,0.6475
sv_tifu,400,21,0.9868999999999999,33,31,0.0,0.10750000000000004,0.73
sv_tifu,400,22,0.9857,33,31,0.0,0.08499999999999996,0.6525000000000001
sv_tifu,400,23,0.9897000000000001,36,31,0.0,0.10999999999999999,0.6725
sv_tifu,400,24,0.9907000000000001,38,31,0.0,0.11750000000000005,0.7224999999999999
sv_tifu,400,25,0.9884999999999999,35,31,0.0050000000000000044,0.11250000000000004,0.73
sv_tifu,400,26,0.9878,36,31,0.0,0.12749999999999995,0.7025
sv_tifu,400,27,0.9925,40,31,0.010000000000000009,0.15500000000000003,0.65
sv_tifu,400,28,0.9863000000000001,36,31,0.0,0.11499999999999999,0.675
sv_tifu,400,29,0.9873999999999999,34,31,0.01749999999999996,0.10999999999999999,0.6525000000000001
