setting,seed,alpha,r,f1,f2,chao_required_n,empirical_required_n
k50_flat,0,0.1,0.09959237277507782,500,0,373470.6637872641,200
k50_flat,0,0.2,0.19932126998901367,252,115,1763.4047146488897,200
k50_flat,0,0.3,0.29809191823005676,1,6,500.0,200
k50_flat,0,0.4,0.3993114233016968,1,2,500.0,200
k50_flat,0,0.5,0.49778327345848083,1,2,500.0,200
k50_flat,1,0.1,0.09994068741798401,500,0,373470.6637872641,350
k50_flat,1,0.2,0.19935469329357147,283,113,2016.4655603363121,350
k50_flat,1,0.3,0.2997131645679474,1,8,500.0,350
k50_flat,1,0.4,0.39848047494888306,0,4,500.0,350
k50_flat,1,0.5,0.49990731477737427,0,4,500.0,350
k50_flat,2,0.1,0.10040300339460373,500,0,373470.6637872641,200
k50_flat,2,0.2,0.2008461058139801,249,122,1670.6427640723984,200
k50_flat,2,0.3,0.30126479268074036,1,10,500.0,200
k50_flat,2,0.4,0.4022546708583832,1,4,500.0,200
k50_flat,2,0.5,0.500426709651947,1,4,500.0,200
k200_zipf1,0,0.1,0.10019855946302414,500,0,373470.6637872641,1000
k200_zipf1,0,0.2,0.19961068034172058,282,78,2685.8786693637203,1000
k200_zipf1,0,0.3,0.30062177777290344,76,54,889.9823728140193,1000
k200_zipf1,0,0.4,0.4017866253852844,60,54,742.1368605306225,1000
k200_zipf1,0,0.5,0.500139594078064,59,54,733.5018162640504,1000
k200_zipf1,1,0.1,0.09974471479654312,500,0,373470.6637872641,1500
k200_zipf1,1,0.2,0.20015846192836761,276,83,2492.6561523294235,1500
k200_zipf1,1,0.3,0.298949271440506,80,51,954.8066253837869,1500
k200_zipf1,1,0.4,0.3988040089607239,56,52,716.0968497714971,1500
k200_zipf1,1,0.5,0.4979855418205261,55,51,711.5431246963403,1500
k200_zipf1,2,0.1,0.0999860167503357,500,0,373470.6637872641,1000
k200_zipf1,2,0.2,0.19967450201511383,296,79,2810.666015322243,1000
k200_zipf1,2,0.3,0.29990166425704956,65,59,762.1216506286717,1000
k200_zipf1,2,0.4,0.3985980153083801,53,50,698.1024846972336,1000
k200_zipf1,2,0.5,0.4986216425895691,52,51,685.6745926081702,1000
k500_zipf1,0,0.1,0.10023553669452667,500,0,373470.6637872641,3000
k500_zipf1,0,0.2,0.20015724003314972,327,69,3540.369027673884,3000
k500_zipf1,0,0.3,0.30092841386795044,112,74,1066.0395676375424,3000
k500_zipf1,0,0.4,0.4006333351135254,91,84,848.8580168648058,3000
k500_zipf1,0,0.5,0.5006669759750366,91,82,857.3754024757443,3000
k500_zipf1,1,0.1,0.09995056688785553,500,0,373470.6637872641,3000
k500_zipf1,1,0.2,0.19892750680446625,314,64,3597.894866809287,3000
k500_zipf1,1,0.3,0.2990202307701111,130,57,1437.968693714341,3000
k500_zipf1,1,0.4,0.39895424246788025,110,58,1200.8204834425333,3000
k500_zipf1,1,0.5,0.49889591336250305,110,58,1200.8204834425333,3000
k500_zipf1,2,0.1,0.09987908601760864,500,0,373470.6637872641,3000
k500_zipf1,2,0.2,0.20022551715373993,310,64,3542.934200857701,3000
k500_zipf1,2,0.3,0.2998203635215759,118,70,1152.4442097085298,3000
k500_zipf1,2,0.4,0.3996153473854065,97,66,996.8479806391861,3000
k500_zipf1,2,0.5,0.5002377033233643,97,64,1012.3845640378215,3000
k200_zipf1_noisy,0,0.1,0.09992440044879913,500,0,373470.6637872641,1000
k200_zipf1_noisy,0,0.2,0.19918477535247803,500,0,373470.6637872641,1000
k200_zipf1_noisy,0,0.3,0.29951974749565125,473,19,18762.870147791375,1000
k200_zipf1_noisy,0,0.4,0.4004220962524414,240,62,2684.5560790229347,1000
k200_zipf1_noisy,0,0.5,0.4987134337425232,113,45,1444.8703421427326,1000
k200_zipf1_noisy,1,0.1,0.09960031509399414,500,0,373470.6637872641,1500
k200_zipf1_noisy,1,0.2,0.1997830867767334,500,0,373470.6637872641,1500
k200_zipf1_noisy,1,0.3,0.29835498332977295,464,31,11408.826192376844,1500
k200_zipf1_noisy,1,0.4,0.3986577093601227,238,87,2038.159060626164,1500
k200_zipf1_noisy,1,0.5,0.49767425656318665,110,53,1266.9601230436879,1500
k200_zipf1_noisy,2,0.1,0.09967681020498276,500,0,373470.6637872641,1000
k200_zipf1_noisy,2,0.2,0.1991465538740158,500,0,373470.6637872641,1000
k200_zipf1_noisy,2,0.3,0.2990148067474365,474,16,22248.530495647705,1000
k200_zipf1_noisy,2,0.4,0.397232323884964,255,83,2280.35507087559,1000
k200_zipf1_noisy,2,0.5,0.49720990657806396,104,83,945.3661751148074,1000
