setting,seed,n,true_cov,gt_cov,vendi,nn_cov_a0.1,nn_cov_a0.2,nn_cov_a0.3,nn_cov_a0.4,nn_cov_a0.5
k50_flat,0,50,0.7030500000000001,0.6799999999999999,27.814790725708008,0.0,0.12,0.6,0.6799999999999999,0.6799999999999999
k50_flat,0,100,0.8848500000000001,0.86,35.21019744873047,0.0,0.15000000000000002,0.84,0.86,0.86
k50_flat,0,200,0.97305,0.97,40.426116943359375,0.0,0.21499999999999997,0.955,0.97,0.97
k50_flat,0,350,1.0,0.9971428571428571,41.57673263549805,0.0,0.4085714285714286,0.9942857142857143,0.9971428571428571,0.9971428571428571
k50_flat,0,500,1.0,0.998,42.05025100708008,0.0,0.496,0.998,0.998,0.998
k50_flat,0,750,1.0,1.0,43.012062072753906,0.0,0.5746666666666667,1.0,1.0,1.0
k50_flat,0,1000,1.0,1.0,43.13530731201172,0.0,0.635,1.0,1.0,1.0
k50_flat,0,1500,1.0,1.0,43.47160339355469,0.0,0.714,1.0,1.0,1.0
k50_flat,0,2000,1.0,1.0,43.57927322387695,0.0,0.7515000000000001,0.9995,1.0,1.0
k50_flat,0,3000,1.0,1.0,,0.0,0.8203333333333334,1.0,1.0,1.0
k50_flat,0,5000,1.0,1.0,,0.0,0.8924,1.0,1.0,1.0
k50_flat,1,50,0.6321500000000001,0.62,25.37509536743164,0.0,0.0,0.5800000000000001,0.62,0.62
k50_flat,1,100,0.8338000000000001,0.86,32.018287658691406,0.0,0.13,0.81,0.86,0.86
k50_flat,1,200,0.93145,0.97,37.61825180053711,0.0,0.245,0.95,0.97,0.97
k50_flat,1,350,1.0,0.9914285714285714,40.879432678222656,0.0,0.36857142857142855,0.9771428571428571,0.9914285714285714,0.9914285714285714
k50_flat,1,500,1.0,1.0,42.073448181152344,0.0,0.43400000000000005,0.998,1.0,1.0
k50_flat,1,750,1.0,1.0,42.28535461425781,0.0,0.536,0.9986666666666667,1.0,1.0
k50_flat,1,1000,1.0,1.0,42.70656967163086,0.0,0.613,1.0,1.0,1.0
k50_flat,1,1500,1.0,1.0,42.689029693603516,0.0013333333333332975,0.6853333333333333,1.0,1.0,1.0
k50_flat,1,2000,1.0,1.0,42.965003967285156,0.0010000000000000009,0.7475,1.0,1.0,1.0
k50_flat,1,3000,1.0,1.0,,0.0006666666666667043,0.825,1.0,1.0,1.0
k50_flat,1,5000,1.0,1.0,,0.00039999999999995595,0.8904,1.0,1.0,1.0
k50_flat,2,50,0.60925,0.6599999999999999,23.867630004882812,0.0,0.16000000000000003,0.6,0.6599999999999999,0.6599999999999999
k50_flat,2,100,0.8561000000000001,0.83,32.01900100708008,0.0,0.18999999999999995,0.75,0.83,0.83
k50_flat,2,200,0.96195,0.975,38.49681091308594,0.0,0.29000000000000004,0.96,0.975,0.975
k50_flat,2,350,0.9873000000000002,0.9971428571428571,40.41938018798828,0.0,0.41714285714285715,0.9942857142857143,0.9971428571428571,0.9971428571428571
k50_flat,2,500,1.0,0.998,41.778690338134766,0.0,0.502,0.998,0.998,0.998
k50_flat,2,750,1.0,1.0,42.54991149902344,0.0,0.5760000000000001,1.0,1.0,1.0
k50_flat,2,1000,1.0,1.0,42.96402359008789,0.0,0.645,1.0,1.0,1.0
k50_flat,2,1500,1.0,1.0,43.54119110107422,0.0,0.7453333333333334,1.0,1.0,1.0
k50_flat,2,2000,1.0,1.0,43.964500427246094,0.0,0.794,1.0,1.0,1.0
k50_flat,2,3000,1.0,1.0,,0.0,0.8483333333333334,1.0,1.0,1.0
k50_flat,2,5000,1.0,1.0,,0.0,0.8996,1.0,1.0,1.0
k200_zipf1,0,50,0.54225,0.6599999999999999,24.276248931884766,0.0,0.07999999999999996,0.64,0.6599999999999999,0.6599999999999999
k200_zipf1,0,100,0.6695499999999999,0.7,33.45752716064453,0.0,0.17000000000000004,0.6599999999999999,0.7,0.7
k200_zipf1,0,200,0.7458999999999999,0.785,37.49210739135742,0.0,0.275,0.765,0.785,0.795
k200_zipf1,0,350,0.84365,0.8428571428571429,39.10929489135742,0.0,0.36857142857142855,0.7971428571428572,0.8428571428571429,0.8485714285714285
k200_zipf1,0,500,0.8832500000000001,0.88,39.69099044799805,0.0,0.43600000000000005,0.848,0.88,0.882
k200_zipf1,0,750,0.9276499999999999,0.9253333333333333,40.69966506958008,0.0,0.5133333333333333,0.9,0.9253333333333333,0.928
k200_zipf1,0,1000,0.9555,0.945,40.73917007446289,0.0,0.54,0.927,0.945,0.948
k200_zipf1,0,1500,0.9842000000000001,0.9706666666666667,41.91301727294922,0.0,0.5786666666666667,0.9486666666666667,0.9706666666666667,0.9706666666666667
k200_zipf1,0,2000,0.99055,0.9855,41.94057083129883,0.0,0.6335,0.974,0.9855,0.9855
k200_zipf1,0,3000,0.9975500000000002,0.9953333333333333,,0.0013333333333332975,0.6933333333333334,0.9886666666666667,0.9953333333333333,0.9953333333333333
k200_zipf1,0,5000,0.9993500000000001,0.9992,,0.0008000000000000229,0.7492,0.996,0.9992,0.9992
k200_zipf1,1,50,0.50775,0.6799999999999999,21.788373947143555,0.0,0.14,0.6,0.6799999999999999,0.6799999999999999
k200_zipf1,1,100,0.5963999999999999,0.6599999999999999,29.359039306640625,0.0,0.25,0.62,0.6599999999999999,0.6599999999999999
k200_zipf1,1,200,0.79705,0.795,36.58403015136719,0.0,0.32499999999999996,0.745,0.795,0.795
k200_zipf1,1,350,0.8498499999999999,0.8542857142857143,39.435333251953125,0.0,0.4057142857142857,0.8057142857142857,0.8542857142857143,0.8542857142857143
k200_zipf1,1,500,0.8869000000000001,0.888,39.05171203613281,0.0,0.44799999999999995,0.84,0.888,0.89
k200_zipf1,1,750,0.9254500000000001,0.9306666666666666,40.35719299316406,0.0,0.488,0.9026666666666667,0.9306666666666666,0.9306666666666666
k200_zipf1,1,1000,0.94705,0.944,39.7540168762207,0.0,0.5529999999999999,0.923,0.944,0.944
k200_zipf1,1,1500,0.9731999999999998,0.9746666666666667,41.06999969482422,0.0,0.5920000000000001,0.96,0.9746666666666667,0.9746666666666667
k200_zipf1,1,2000,0.9906499999999999,0.9855,41.39604187011719,0.0,0.634,0.972,0.9855,0.9855
k200_zipf1,1,3000,0.9934000000000001,0.9986666666666667,,0.0,0.7006666666666667,0.9926666666666667,0.9986666666666667,0.9986666666666667
k200_zipf1,1,5000,1.0,0.9996,,0.00039999999999995595,0.7602,0.998,0.9996,0.9996
k200_zipf1,2,50,0.5592,0.5,23.22483253479004,0.0,0.24,0.48,0.5,0.5
k200_zipf1,2,100,0.64895,0.64,31.194923400878906,0.0,0.31000000000000005,0.64,0.64,0.64
k200_zipf1,2,200,0.7797000000000001,0.78,36.127925872802734,0.0,0.32499999999999996,0.755,0.78,0.785
k200_zipf1,2,350,0.84455,0.8657142857142857,37.77843475341797,0.0,0.38857142857142857,0.8314285714285714,0.8657142857142857,0.8685714285714285
k200_zipf1,2,500,0.8965000000000002,0.894,39.694217681884766,0.0,0.40800000000000003,0.87,0.894,0.896
k200_zipf1,2,750,0.935,0.9333333333333333,40.54692077636719,0.0,0.45599999999999996,0.9133333333333333,0.9333333333333333,0.9333333333333333
k200_zipf1,2,1000,0.9540000000000001,0.954,40.67405700683594,0.0,0.501,0.938,0.954,0.954
k200_zipf1,2,1500,0.9758499999999999,0.9786666666666667,41.27449417114258,0.0,0.5513333333333333,0.9633333333333334,0.9773333333333334,0.9786666666666667
k200_zipf1,2,2000,0.9884999999999999,0.9885,41.73896408081055,0.0,0.601,0.9765,0.9885,0.9885
k200_zipf1,2,3000,0.99725,0.9963333333333333,,0.0,0.6786666666666666,0.9923333333333333,0.9963333333333333,0.9963333333333333
k200_zipf1,2,5000,0.99935,0.9996,,0.0,0.7552,0.9986,0.9996,0.9996
k500_zipf1,0,50,0.4373,0.52,26.33264923095703,0.0,0.16000000000000003,0.52,0.52,0.52
k500_zipf1,0,100,0.6010000000000001,0.55,36.201629638671875,0.0,0.14,0.52,0.55,0.55
k500_zipf1,0,200,0.6775999999999999,0.665,42.014015197753906,0.0,0.18000000000000005,0.63,0.655,0.665
k500_zipf1,0,350,0.7454,0.7457142857142858,43.517982482910156,0.0,0.24857142857142855,0.7171428571428571,0.7457142857142858,0.7457142857142858
k500_zipf1,0,500,0.77745,0.8180000000000001,42.97393035888672,0.0,0.346,0.776,0.8180000000000001,0.8180000000000001
k500_zipf1,0,750,0.82555,0.8426666666666667,43.521732330322266,0.0,0.4066666666666666,0.8173333333333334,0.8426666666666667,0.8426666666666667
k500_zipf1,0,1000,0.8694999999999997,0.857,45.040306091308594,0.0,0.43600000000000005,0.835,0.857,0.858
k500_zipf1,0,1500,0.9178499999999999,0.8973333333333333,45.09175109863281,0.0,0.508,0.874,0.8973333333333333,0.8986666666666667
k500_zipf1,0,2000,0.9424999999999999,0.9195,45.31208419799805,0.0,0.5469999999999999,0.9005,0.9195,0.921
k500_zipf1,0,3000,0.96765,0.9563333333333334,,0.0,0.5956666666666667,0.9433333333333334,0.9563333333333334,0.9576666666666667
k500_zipf1,0,5000,0.9876999999999999,0.9832,,0.00039999999999995595,0.6638,0.9742,0.9828,0.9838
k500_zipf1,1,50,0.4716,0.54,25.976295471191406,0.0,0.16000000000000003,0.48,0.54,0.54
k500_zipf1,1,100,0.5558999999999998,0.52,34.78760528564453,0.0,0.13,0.49,0.52,0.52
k500_zipf1,1,200,0.6302,0.645,38.79977798461914,0.0,0.22499999999999998,0.61,0.645,0.645
k500_zipf1,1,350,0.7253499999999999,0.7371428571428571,40.790679931640625,0.0,0.29428571428571426,0.7114285714285714,0.7371428571428571,0.7371428571428571
k500_zipf1,1,500,0.7799999999999999,0.78,41.479347229003906,0.0,0.372,0.74,0.78,0.78
k500_zipf1,1,750,0.8375500000000001,0.8346666666666667,43.60851287841797,0.0,0.41466666666666663,0.796,0.8346666666666667,0.8346666666666667
k500_zipf1,1,1000,0.86995,0.867,43.914306640625,0.0,0.45899999999999996,0.827,0.867,0.868
k500_zipf1,1,1500,0.9165,0.9053333333333333,45.324485778808594,0.0,0.5006666666666666,0.8726666666666667,0.9053333333333333,0.906
k500_zipf1,1,2000,0.9439500000000001,0.9315,45.3404426574707,0.0,0.5435,0.9065,0.9315,0.9325
k500_zipf1,1,3000,0.9683,0.9593333333333334,,0.0,0.5880000000000001,0.9393333333333334,0.9593333333333334,0.96
k500_zipf1,1,5000,0.9886499999999999,0.9868,,0.0,0.6639999999999999,0.9764,0.9864,0.9876
k500_zipf1,2,50,0.48919999999999997,0.5,23.549673080444336,0.0,0.09999999999999998,0.5,0.5,0.5
k500_zipf1,2,100,0.54555,0.62,31.296340942382812,0.0,0.09999999999999998,0.5800000000000001,0.62,0.62
k500_zipf1,2,200,0.6483999999999998,0.685,36.253543853759766,0.0,0.29000000000000004,0.655,0.685,0.685
k500_zipf1,2,350,0.7368,0.7571428571428571,39.619380950927734,0.0,0.3542857142857143,0.7028571428571428,0.7571428571428571,0.76
k500_zipf1,2,500,0.77545,0.806,40.62727355957031,0.0,0.38,0.764,0.806,0.806
k500_zipf1,2,750,0.82565,0.844,42.46874237060547,0.0,0.42133333333333334,0.808,0.844,0.8453333333333333
k500_zipf1,2,1000,0.8564,0.88,43.44329833984375,0.0,0.45399999999999996,0.842,0.88,0.881
k500_zipf1,2,1500,0.90855,0.9126666666666666,44.578392028808594,0.0,0.5066666666666666,0.8793333333333333,0.9113333333333333,0.914
k500_zipf1,2,2000,0.9322,0.94,44.971675872802734,0.0,0.5465,0.914,0.94,0.9410000000000001
k500_zipf1,2,3000,0.96465,0.963,,0.0,0.6033333333333333,0.9443333333333334,0.963,0.9636666666666667
k500_zipf1,2,5000,0.9865,0.985,,0.0,0.6752,0.9748,0.985,0.9854
k200_zipf1_noisy,0,50,0.54225,0.6599999999999999,29.36418342590332,0.0,0.0,0.040000000000000036,0.09999999999999998,0.45999999999999996
k200_zipf1_noisy,0,100,0.6695499999999999,0.7,39.96858215332031,0.0,0.0,0.040000000000000036,0.24,0.5800000000000001
k200_zipf1_noisy,0,200,0.7458999999999999,0.785,45.61687469482422,0.0,0.0,0.030000000000000027,0.39,0.7050000000000001
k200_zipf1_noisy,0,350,0.84365,0.8428571428571429,47.83647918701172,0.0,0.0,0.042857142857142816,0.4771428571428571,0.74
k200_zipf1_noisy,0,500,0.8832500000000001,0.88,48.74742889404297,0.0,0.0,0.05400000000000005,0.52,0.774
k200_zipf1_noisy,0,750,0.9276499999999999,0.9253333333333333,49.90312957763672,0.0,0.0,0.08666666666666667,0.5933333333333333,0.8346666666666667
k200_zipf1_noisy,0,1000,0.9555,0.945,50.25676727294922,0.0,0.0,0.10499999999999998,0.633,0.874
k200_zipf1_noisy,0,1500,0.9842000000000001,0.9706666666666667,51.247711181640625,0.0,0.0,0.1346666666666667,0.6759999999999999,0.9026666666666667
k200_zipf1_noisy,0,2000,0.99055,0.9855,51.317832946777344,0.0,0.0,0.16800000000000004,0.716,0.9395
k200_zipf1_noisy,0,3000,0.9975500000000002,0.9953333333333333,,0.0,0.0013333333333332975,0.20366666666666666,0.7673333333333333,0.9726666666666667
k200_zipf1_noisy,0,5000,0.9993500000000001,0.9992,,0.0,0.0008000000000000229,0.24839999999999995,0.8198,0.9852
k200_zipf1_noisy,1,50,0.50775,0.6799999999999999,27.453393936157227,0.0,0.0,0.0,0.30000000000000004,0.6
k200_zipf1_noisy,1,100,0.5963999999999999,0.6599999999999999,36.80101776123047,0.0,0.0,0.0,0.33999999999999997,0.6
k200_zipf1_noisy,1,200,0.79705,0.795,44.46345901489258,0.0,0.0,0.020000000000000018,0.43500000000000005,0.6950000000000001
k200_zipf1_noisy,1,350,0.8498499999999999,0.8542857142857143,47.909183502197266,0.0,0.0,0.042857142857142816,0.48,0.7542857142857142
k200_zipf1_noisy,1,500,0.8869000000000001,0.888,48.27849197387695,0.0,0.0,0.07199999999999995,0.524,0.78
k200_zipf1_noisy,1,750,0.9254500000000001,0.9306666666666666,49.743961334228516,0.0,0.0,0.06666666666666665,0.5693333333333334,0.8413333333333333
k200_zipf1_noisy,1,1000,0.94705,0.944,49.60483169555664,0.0,0.0,0.10499999999999998,0.631,0.877
k200_zipf1_noisy,1,1500,0.9731999999999998,0.9746666666666667,50.65504455566406,0.0,0.0,0.1246666666666667,0.6759999999999999,0.9246666666666666
k200_zipf1_noisy,1,2000,0.9906499999999999,0.9855,51.00148010253906,0.0,0.0,0.14800000000000002,0.708,0.9435
k200_zipf1_noisy,1,3000,0.9934000000000001,0.9986666666666667,,0.0,0.0,0.18733333333333335,0.768,0.9746666666666667
k200_zipf1_noisy,1,5000,1.0,0.9996,,0.0,0.0008000000000000229,0.23540000000000005,0.8220000000000001,0.9894
k200_zipf1_noisy,2,50,0.5592,0.5,27.76170539855957,0.0,0.0,0.06000000000000005,0.28,0.45999999999999996
k200_zipf1_noisy,2,100,0.64895,0.64,37.99359130859375,0.0,0.0,0.050000000000000044,0.33999999999999997,0.54
k200_zipf1_noisy,2,200,0.7797000000000001,0.78,44.336124420166016,0.0,0.0,0.03500000000000003,0.36,0.655
k200_zipf1_noisy,2,350,0.84455,0.8657142857142857,46.80698013305664,0.0,0.0,0.05428571428571427,0.4742857142857143,0.7628571428571429
k200_zipf1_noisy,2,500,0.8965000000000002,0.894,48.78995895385742,0.0,0.0,0.052000000000000046,0.49,0.792
k200_zipf1_noisy,2,750,0.935,0.9333333333333333,49.79280471801758,0.0,0.0,0.06266666666666665,0.532,0.8413333333333333
k200_zipf1_noisy,2,1000,0.9540000000000001,0.954,50.12318801879883,0.0,0.0,0.08299999999999996,0.5780000000000001,0.888
k200_zipf1_noisy,2,1500,0.9758499999999999,0.9786666666666667,50.768611907958984,0.0,0.0,0.1146666666666667,0.6213333333333333,0.9253333333333333
k200_zipf1_noisy,2,2000,0.9884999999999999,0.9885,51.19366455078125,0.0,0.0,0.15000000000000002,0.6775,0.9405
k200_zipf1_noisy,2,3000,0.99725,0.9963333333333333,,0.0,0.0013333333333332975,0.19866666666666666,0.75,0.9713333333333334
k200_zipf1_noisy,2,5000,0.99935,0.9996,,0.0,0.0011999999999999789,0.23640000000000005,0.8231999999999999,0.9858
