corpus,n,draw,to_centroid,G_q0.25,G_q0.5,G_q0.75
citizens,100,0,0.06528377532958984,0.51,0.16,0.03
citizens,100,1,0.059667766094207764,0.41,0.09,0.04
citizens,100,2,0.059147000312805176,0.32,0.1,0.01
citizens,100,3,0.040392518043518066,0.35,0.09,0.01
citizens,100,4,0.03812050819396973,0.44,0.14,0.02
citizens,100,5,0.05934244394302368,0.4,0.09,0.02
citizens,100,6,0.0626230239868164,0.41,0.1,0.01
citizens,100,7,0.04556506872177124,0.37,0.11,0.0
citizens,100,8,0.05494034290313721,0.36,0.06,0.01
citizens,100,9,0.0295945405960083,0.44,0.13,0.03
citizens,100,10,0.038118064403533936,0.54,0.12,0.02
citizens,100,11,0.04042983055114746,0.43,0.15,0.03
citizens,100,12,0.07530438899993896,0.49,0.07,0.01
citizens,100,13,0.059384942054748535,0.57,0.13,0.01
citizens,100,14,0.03392386436462402,0.49,0.12,0.0
citizens,100,15,0.07646119594573975,0.4,0.14,0.02
citizens,100,16,0.04667443037033081,0.39,0.11,0.02
citizens,100,17,0.037964463233947754,0.55,0.12,0.01
citizens,100,18,0.05175423622131348,0.44,0.09,0.02
citizens,100,19,0.03450655937194824,0.44,0.08,0.0
citizens,100,20,0.06002306938171387,0.36,0.13,0.01
citizens,100,21,0.046494364738464355,0.42,0.13,0.0
citizens,100,22,0.04168224334716797,0.36,0.14,0.01
citizens,100,23,0.04100239276885986,0.33,0.14,0.02
citizens,100,24,0.04211223125457764,0.38,0.15,0.01
citizens,100,25,0.048909902572631836,0.39,0.07,0.0
citizens,100,26,0.06385618448257446,0.57,0.17,0.01
citizens,100,27,0.07705497741699219,0.44,0.11,0.01
citizens,100,28,0.08412563800811768,0.46,0.06,0.01
citizens,100,29,0.06815886497497559,0.48,0.14,0.0
citizens,200,0,0.023747563362121582,0.3,0.065,0.005
citizens,200,1,0.04404449462890625,0.35,0.125,0.015
citizens,200,2,0.03309798240661621,0.375,0.085,0.005
citizens,200,3,0.11073267459869385,0.25,0.05,0.0
citizens,200,4,0.12904351949691772,0.38,0.085,0.0
citizens,200,5,0.032116711139678955,0.285,0.09,0.005
citizens,200,6,0.0481182336807251,0.32,0.115,0.0
citizens,200,7,0.08188241720199585,0.27,0.08,0.005
citizens,200,8,0.0377160906791687,0.39,0.12,0.02
citizens,200,9,0.07036095857620239,0.34,0.075,0.02
citizens,200,10,0.03837943077087402,0.32,0.09,0.015
citizens,200,11,0.02775442600250244,0.305,0.075,0.01
citizens,200,12,0.041606128215789795,0.355,0.08,0.005
citizens,200,13,0.03683066368103027,0.455,0.075,0.01
citizens,200,14,0.03549081087112427,0.4,0.075,0.0
citizens,200,15,0.035776734352111816,0.335,0.08,0.02
citizens,200,16,0.06561851501464844,0.27,0.065,0.01
citizens,200,17,0.04675948619842529,0.385,0.105,0.0
citizens,200,18,0.0265042781829834,0.3,0.065,0.01
citizens,200,19,0.061760783195495605,0.28,0.1,0.005
citizens,200,20,0.042004525661468506,0.295,0.065,0.015
citizens,200,21,0.050805091857910156,0.425,0.14,0.015
citizens,200,22,0.041523516178131104,0.41,0.08,0.0
citizens,200,23,0.040779829025268555,0.33,0.07,0.0
citizens,200,24,0.03354310989379883,0.31,0.1,0.015
citizens,200,25,0.03225886821746826,0.36,0.105,0.01
citizens,200,26,0.058451056480407715,0.325,0.09,0.0
citizens,200,27,0.027987778186798096,0.31,0.07,0.005
citizens,200,28,0.03438091278076172,0.32,0.095,0.01
citizens,200,29,0.026942014694213867,0.355,0.11,0.005
citizens,25,0,0.06595414876937866,0.84,0.32,0.0
citizens,25,1,0.057105302810668945,0.64,0.12,0.0
citizens,25,2,0.09746795892715454,0.76,0.16,0.0
citizens,25,3,0.09233677387237549,0.6,0.16,0.0
citizens,25,4,0.08879077434539795,0.56,0.2,0.0
citizens,25,5,0.11527758836746216,0.68,0.32,0.08
citizens,25,6,0.08776915073394775,0.64,0.28,0.04
citizens,25,7,0.05117917060852051,0.4,0.12,0.0
citizens,25,8,0.06897807121276855,0.68,0.16,0.0
citizens,25,9,0.09611570835113525,0.36,0.24,0.08
citizens,25,10,0.09455066919326782,0.72,0.2,0.0
citizens,25,11,0.0466998815536499,0.72,0.2,0.0
citizens,25,12,0.06857919692993164,0.8,0.48,0.12
citizens,25,13,0.09285885095596313,0.72,0.28,0.04
citizens,25,14,0.06800132989883423,0.8,0.32,0.04
citizens,25,15,0.0662301778793335,0.4,0.16,0.04
citizens,25,16,0.04998403787612915,0.64,0.28,0.0
citizens,25,17,0.054737389087677,0.56,0.28,0.0
citizens,25,18,0.06185948848724365,0.56,0.2,0.0
citizens,25,19,0.0929114818572998,0.76,0.28,0.0
citizens,25,20,0.08955579996109009,0.64,0.16,0.04
citizens,25,21,0.0687720775604248,0.68,0.24,0.0
citizens,25,22,0.1133803129196167,0.88,0.24,0.08
citizens,25,23,0.043035149574279785,0.6,0.08,0.0
citizens,25,24,0.08318233489990234,0.72,0.24,0.0
citizens,25,25,0.06305968761444092,0.68,0.24,0.0
citizens,25,26,0.07500481605529785,0.56,0.2,0.0
citizens,25,27,0.06890928745269775,0.4,0.16,0.0
citizens,25,28,0.045439839363098145,0.52,0.12,0.04
citizens,25,29,0.055180251598358154,0.8,0.36,0.0
citizens,400,0,0.0619959831237793,0.2825,0.045,0.0025
citizens,400,1,0.06814533472061157,0.275,0.06,0.0
citizens,400,2,0.0850292444229126,0.255,0.0575,0.0
citizens,400,3,0.06679403781890869,0.295,0.0675,0.005
citizens,400,4,0.0671645998954773,0.2375,0.0625,0.0075
citizens,400,5,0.06649219989776611,0.29,0.06,0.0025
citizens,400,6,0.07823139429092407,0.2225,0.0375,0.0025
citizens,400,7,0.05868387222290039,0.2425,0.05,0.0
citizens,400,8,0.06759822368621826,0.2875,0.0775,0.005
citizens,400,9,0.03668355941772461,0.265,0.055,0.0075
citizens,400,10,0.04082459211349487,0.2325,0.0525,0.005
citizens,400,11,0.06817007064819336,0.2925,0.08,0.0025
citizens,400,12,0.06743037700653076,0.2625,0.045,0.0
citizens,400,13,0.043462157249450684,0.245,0.0425,0.0025
citizens,400,14,0.049505531787872314,0.2175,0.0625,0.005
citizens,400,15,0.047396063804626465,0.2725,0.0675,0.0075
citizens,400,16,0.046103835105895996,0.2325,0.0575,0.0
citizens,400,17,0.05690634250640869,0.2725,0.0675,0.0075
citizens,400,18,0.058490216732025146,0.29,0.055,0.0025
citizens,400,19,0.07372391223907471,0.2725,0.07,0.0025
citizens,400,20,0.05003315210342407,0.2625,0.06,0.0075
citizens,400,21,0.07693660259246826,0.2325,0.055,0.0
citizens,400,22,0.0627930760383606,0.25,0.07,0.0075
citizens,400,23,0.07014685869216919,0.2375,0.0525,0.0025
citizens,400,24,0.06087660789489746,0.225,0.0475,0.005
citizens,400,25,0.04645514488220215,0.255,0.05,0.0075
citizens,400,26,0.06770431995391846,0.2425,0.0575,0.0
citizens,400,27,0.07168155908584595,0.255,0.065,0.01
citizens,400,28,0.05825924873352051,0.25,0.075,0.0
citizens,400,29,0.07777220010757446,0.235,0.05,0.0
citizens,50,0,0.04287654161453247,0.56,0.18,0.0
citizens,50,1,0.04876744747161865,0.54,0.06,0.0
citizens,50,2,0.06027865409851074,0.6,0.24,0.02
citizens,50,3,0.050863683223724365,0.4,0.04,0.0
citizens,50,4,0.08193826675415039,0.52,0.16,0.0
citizens,50,5,0.04787552356719971,0.5,0.08,0.0
citizens,50,6,0.06225848197937012,0.52,0.14,0.02
citizens,50,7,0.06620001792907715,0.5,0.12,0.02
citizens,50,8,0.043846845626831055,0.48,0.12,0.02
citizens,50,9,0.05127936601638794,0.52,0.24,0.04
citizens,50,10,0.03301692008972168,0.42,0.14,0.02
citizens,50,11,0.07599318027496338,0.56,0.24,0.04
citizens,50,12,0.057129621505737305,0.6,0.08,0.02
citizens,50,13,0.030997753143310547,0.58,0.12,0.0
citizens,50,14,0.06636554002761841,0.54,0.14,0.0
citizens,50,15,0.07255154848098755,0.52,0.2,0.0
citizens,50,16,0.05985945463180542,0.44,0.12,0.0
citizens,50,17,0.06562149524688721,0.6,0.1,0.02
citizens,50,18,0.0776984691619873,0.56,0.14,0.0
citizens,50,19,0.03768116235733032,0.7,0.22,0.02
citizens,50,20,0.07694423198699951,0.56,0.22,0.02
citizens,50,21,0.044878244400024414,0.5,0.22,0.02
citizens,50,22,0.06422841548919678,0.42,0.14,0.0
citizens,50,23,0.11478149890899658,0.52,0.16,0.0
citizens,50,24,0.04518628120422363,0.66,0.28,0.04
citizens,50,25,0.06394064426422119,0.52,0.12,0.0
citizens,50,26,0.041863203048706055,0.68,0.2,0.04
citizens,50,27,0.05926632881164551,0.6,0.22,0.0
citizens,50,28,0.06772482395172119,0.4,0.12,0.0
citizens,50,29,0.06447428464889526,0.68,0.12,0.0
covid,100,0,0.058299720287323,0.78,0.52,0.06
covid,100,1,0.055153727531433105,0.67,0.35,0.1
covid,100,2,0.0291670560836792,0.69,0.39,0.07
covid,100,3,0.037900447845458984,0.73,0.32,0.03
covid,100,4,0.04105645418167114,0.71,0.39,0.06
covid,100,5,0.05556774139404297,0.71,0.37,0.1
covid,100,6,0.0322076678276062,0.71,0.34,0.1
covid,100,7,0.036385297775268555,0.7,0.43,0.05
covid,100,8,0.04861181974411011,0.72,0.35,0.06
covid,100,9,0.10396277904510498,0.63,0.32,0.09
covid,100,10,0.03134280443191528,0.72,0.46,0.06
covid,100,11,0.042829275131225586,0.73,0.26,0.04
covid,100,12,0.0372159481048584,0.76,0.42,0.08
covid,100,13,0.029988884925842285,0.67,0.42,0.11
covid,100,14,0.04857373237609863,0.74,0.38,0.06
covid,100,15,0.03636449575424194,0.69,0.35,0.03
covid,100,16,0.0417938232421875,0.74,0.38,0.04
covid,100,17,0.0733187198638916,0.77,0.42,0.12
covid,100,18,0.03453850746154785,0.65,0.31,0.05
covid,100,19,0.03364056348800659,0.68,0.49,0.09
covid,100,20,0.030574142932891846,0.69,0.39,0.07
covid,100,21,0.03300189971923828,0.78,0.42,0.03
covid,100,22,0.028338849544525146,0.76,0.41,0.06
covid,100,23,0.02573072910308838,0.78,0.37,0.07
covid,100,24,0.037645816802978516,0.7,0.3,0.09
covid,100,25,0.03514617681503296,0.68,0.32,0.09
covid,100,26,0.04962515830993652,0.58,0.29,0.08
covid,100,27,0.049883246421813965,0.66,0.37,0.07
covid,100,28,0.0564194917678833,0.73,0.44,0.08
covid,100,29,0.062454164028167725,0.72,0.39,0.07
covid,200,0,0.04164564609527588,0.65,0.32,0.05
covid,200,1,0.03639000654220581,0.515,0.24,0.025
covid,200,2,0.03789752721786499,0.67,0.305,0.045
covid,200,3,0.030472874641418457,0.64,0.405,0.075
covid,200,4,0.020226478576660156,0.63,0.26,0.02
covid,200,5,0.0218927264213562,0.62,0.345,0.05
covid,200,6,0.020686328411102295,0.675,0.33,0.055
covid,200,7,0.023470163345336914,0.665,0.27,0.02
covid,200,8,0.026976943016052246,0.545,0.305,0.045
covid,200,9,0.0178869366645813,0.595,0.245,0.035
covid,200,10,0.01792842149734497,0.67,0.315,0.04
covid,200,11,0.03250586986541748,0.66,0.365,0.045
covid,200,12,0.02169734239578247,0.6,0.345,0.04
covid,200,13,0.051785945892333984,0.595,0.315,0.09
covid,200,14,0.017643511295318604,0.695,0.32,0.035
covid,200,15,0.025441646575927734,0.73,0.395,0.075
covid,200,16,0.01710718870162964,0.535,0.28,0.02
covid,200,17,0.02324700355529785,0.645,0.295,0.03
covid,200,18,0.028730690479278564,0.62,0.295,0.03
covid,200,19,0.03310668468475342,0.675,0.37,0.05
covid,200,20,0.026018142700195312,0.6,0.26,0.055
covid,200,21,0.025451838970184326,0.62,0.235,0.025
covid,200,22,0.02755260467529297,0.635,0.295,0.025
covid,200,23,0.027375638484954834,0.6,0.35,0.05
covid,200,24,0.025338470935821533,0.63,0.325,0.07
covid,200,25,0.04580843448638916,0.62,0.315,0.045
covid,200,26,0.027453184127807617,0.605,0.23,0.035
covid,200,27,0.034057676792144775,0.655,0.35,0.055
covid,200,28,0.04036450386047363,0.65,0.325,0.045
covid,200,29,0.1002616286277771,0.69,0.325,0.035
covid,25,0,0.10846537351608276,0.92,0.56,0.12
covid,25,1,0.05500137805938721,1.0,0.6,0.2
covid,25,2,0.043029963970184326,0.76,0.44,0.16
covid,25,3,0.047929584980010986,0.76,0.36,0.24
covid,25,4,0.07060986757278442,0.88,0.64,0.32
covid,25,5,0.04633826017379761,0.84,0.68,0.2
covid,25,6,0.06253576278686523,0.92,0.44,0.24
covid,25,7,0.0654139518737793,1.0,0.64,0.24
covid,25,8,0.06468570232391357,1.0,0.92,0.36
covid,25,9,0.1157693862915039,0.84,0.56,0.12
covid,25,10,0.0627584457397461,0.88,0.8,0.44
covid,25,11,0.06492769718170166,0.88,0.48,0.24
covid,25,12,0.08132696151733398,1.0,0.68,0.24
covid,25,13,0.07992339134216309,1.0,0.8,0.28
covid,25,14,0.09563714265823364,0.88,0.8,0.4
covid,25,15,0.07182782888412476,1.0,0.72,0.32
covid,25,16,0.04979968070983887,1.0,0.72,0.12
covid,25,17,0.03977847099304199,0.8,0.52,0.0
covid,25,18,0.06306123733520508,0.8,0.6,0.28
covid,25,19,0.11059218645095825,1.0,0.44,0.16
covid,25,20,0.04218614101409912,0.76,0.6,0.24
covid,25,21,0.08482551574707031,1.0,0.6,0.08
covid,25,22,0.06502503156661987,0.72,0.56,0.16
covid,25,23,0.07552826404571533,0.76,0.64,0.28
covid,25,24,0.0643150806427002,0.84,0.44,0.12
covid,25,25,0.060500502586364746,1.0,0.8,0.4
covid,25,26,0.10906672477722168,0.64,0.4,0.04
covid,25,27,0.0706513524055481,0.92,0.76,0.24
covid,25,28,0.06243574619293213,0.8,0.56,0.24
covid,25,29,0.051981449127197266,0.8,0.52,0.24
covid,400,0,0.021364986896514893,0.5925,0.2525,0.02
covid,400,1,0.01836305856704712,0.6025,0.2225,0.03
covid,400,2,0.017895221710205078,0.5425,0.21,0.035
covid,400,3,0.016654789447784424,0.5175,0.235,0.0175
covid,400,4,0.029453277587890625,0.5975,0.2575,0.025
covid,400,5,0.022680282592773438,0.57,0.265,0.03
covid,400,6,0.02922689914703369,0.595,0.2575,0.03
covid,400,7,0.03586721420288086,0.575,0.2175,0.03
covid,400,8,0.034541428089141846,0.545,0.22,0.0375
covid,400,9,0.02248358726501465,0.49,0.23,0.0125
covid,400,10,0.027990520000457764,0.575,0.275,0.015
covid,400,11,0.04166752099990845,0.5525,0.2375,0.0225
covid,400,12,0.03756147623062134,0.5675,0.25,0.0225
covid,400,13,0.02628570795059204,0.635,0.3025,0.0225
covid,400,14,0.02196526527404785,0.59,0.26,0.0325
covid,400,15,0.025145649909973145,0.59,0.2475,0.0275
covid,400,16,0.017747998237609863,0.5025,0.225,0.015
covid,400,17,0.02320772409439087,0.505,0.2125,0.02
covid,400,18,0.014908432960510254,0.6,0.265,0.0325
covid,400,19,0.013855457305908203,0.5475,0.2325,0.0275
covid,400,20,0.028812289237976074,0.5425,0.2125,0.015
covid,400,21,0.024791300296783447,0.55,0.255,0.04
covid,400,22,0.022923588752746582,0.555,0.2025,0.025
covid,400,23,0.0314139723777771,0.5225,0.2125,0.0175
covid,400,24,0.015540599822998047,0.53,0.23,0.03
covid,400,25,0.0388643741607666,0.555,0.2425,0.0375
covid,400,26,0.014805495738983154,0.5125,0.24,0.0275
covid,400,27,0.020884990692138672,0.6125,0.2725,0.035
covid,400,28,0.03526747226715088,0.595,0.2575,0.0375
covid,400,29,0.0344352126121521,0.5575,0.24,0.02
covid,50,0,0.03371083736419678,0.62,0.42,0.1
covid,50,1,0.03191190958023071,0.84,0.46,0.18
covid,50,2,0.06745201349258423,0.86,0.42,0.12
covid,50,3,0.061653316020965576,0.96,0.74,0.18
covid,50,4,0.0919184684753418,0.72,0.46,0.08
covid,50,5,0.04535043239593506,0.84,0.56,0.06
covid,50,6,0.0486149787902832,0.64,0.46,0.14
covid,50,7,0.04677468538284302,0.84,0.44,0.04
covid,50,8,0.05391669273376465,0.84,0.44,0.08
covid,50,9,0.0696820616722107,0.66,0.36,0.1
covid,50,10,0.06368541717529297,0.86,0.62,0.12
covid,50,11,0.05629998445510864,0.7,0.64,0.16
covid,50,12,0.038163185119628906,0.86,0.48,0.12
covid,50,13,0.05847442150115967,0.92,0.54,0.12
covid,50,14,0.0410609245300293,0.88,0.66,0.14
covid,50,15,0.03805375099182129,0.8,0.48,0.12
covid,50,16,0.06651878356933594,0.78,0.52,0.14
covid,50,17,0.08942925930023193,0.76,0.46,0.2
covid,50,18,0.05245351791381836,0.8,0.42,0.12
covid,50,19,0.06382632255554199,0.7,0.48,0.16
covid,50,20,0.06715106964111328,0.8,0.46,0.14
covid,50,21,0.07328611612319946,0.86,0.52,0.16
covid,50,22,0.031730473041534424,0.7,0.46,0.02
covid,50,23,0.05177724361419678,0.7,0.44,0.08
covid,50,24,0.04389476776123047,0.68,0.34,0.08
covid,50,25,0.10590577125549316,0.92,0.74,0.2
covid,50,26,0.06910276412963867,0.76,0.54,0.12
covid,50,27,0.052206993103027344,0.7,0.46,0.1
covid,50,28,0.03692054748535156,0.66,0.4,0.06
covid,50,29,0.02765333652496338,0.8,0.48,0.1
illegal,100,0,0.043761491775512695,0.46,0.08,0.01
illegal,100,1,0.04603999853134155,0.42,0.12,0.01
illegal,100,2,0.05470395088195801,0.41,0.08,0.02
illegal,100,3,0.06031674146652222,0.4,0.14,0.01
illegal,100,4,0.08349651098251343,0.34,0.08,0.01
illegal,100,5,0.055949270725250244,0.33,0.05,0.0
illegal,100,6,0.05390632152557373,0.42,0.14,0.01
illegal,100,7,0.06580197811126709,0.43,0.17,0.04
illegal,100,8,0.05758637189865112,0.49,0.14,0.03
illegal,100,9,0.05795478820800781,0.41,0.14,0.04
illegal,100,10,0.062245845794677734,0.29,0.12,0.02
illegal,100,11,0.06421875953674316,0.31,0.08,0.01
illegal,100,12,0.03837853670120239,0.43,0.07,0.0
illegal,100,13,0.04862940311431885,0.57,0.19,0.04
illegal,100,14,0.04432016611099243,0.34,0.09,0.01
illegal,100,15,0.08186358213424683,0.42,0.18,0.02
illegal,100,16,0.06874513626098633,0.45,0.22,0.03
illegal,100,17,0.06895428895950317,0.32,0.09,0.01
illegal,100,18,0.06921976804733276,0.44,0.17,0.0
illegal,100,19,0.04729330539703369,0.42,0.2,0.01
illegal,100,20,0.0827404260635376,0.43,0.1,0.0
illegal,100,21,0.047446489334106445,0.43,0.08,0.04
illegal,100,22,0.043717145919799805,0.28,0.07,0.0
illegal,100,23,0.05111050605773926,0.39,0.17,0.01
illegal,100,24,0.04619908332824707,0.33,0.13,0.01
illegal,100,25,0.09377872943878174,0.5,0.13,0.02
illegal,100,26,0.04176056385040283,0.44,0.16,0.01
illegal,100,27,0.05191445350646973,0.45,0.08,0.01
illegal,100,28,0.06757253408432007,0.45,0.09,0.03
illegal,100,29,0.0881996750831604,0.56,0.21,0.05
illegal,200,0,0.06205570697784424,0.315,0.135,0.025
illegal,200,1,0.04405808448791504,0.315,0.085,0.005
illegal,200,2,0.03460043668746948,0.31,0.115,0.01
illegal,200,3,0.03616917133331299,0.335,0.065,0.005
illegal,200,4,0.05185157060623169,0.335,0.095,0.01
illegal,200,5,0.07884132862091064,0.36,0.1,0.02
illegal,200,6,0.04336142539978027,0.345,0.09,0.01
illegal,200,7,0.030316650867462158,0.31,0.095,0.005
illegal,200,8,0.05446040630340576,0.34,0.1,0.01
illegal,200,9,0.0722804069519043,0.285,0.105,0.0
illegal,200,10,0.03514289855957031,0.35,0.075,0.005
illegal,200,11,0.03363966941833496,0.32,0.09,0.005
illegal,200,12,0.0529634952545166,0.375,0.13,0.015
illegal,200,13,0.03052842617034912,0.285,0.085,0.01
illegal,200,14,0.04046523571014404,0.25,0.075,0.02
illegal,200,15,0.03977823257446289,0.385,0.1,0.015
illegal,200,16,0.053318023681640625,0.24,0.05,0.0
illegal,200,17,0.05469667911529541,0.29,0.085,0.01
illegal,200,18,0.02712339162826538,0.27,0.09,0.005
illegal,200,19,0.02524280548095703,0.4,0.11,0.015
illegal,200,20,0.06062495708465576,0.29,0.095,0.025
illegal,200,21,0.06055617332458496,0.375,0.115,0.015
illegal,200,22,0.047709763050079346,0.33,0.105,0.01
illegal,200,23,0.05320703983306885,0.355,0.08,0.01
illegal,200,24,0.051384925842285156,0.29,0.075,0.005
illegal,200,25,0.030017971992492676,0.34,0.11,0.025
illegal,200,26,0.05911332368850708,0.35,0.08,0.005
illegal,200,27,0.04305166006088257,0.265,0.08,0.015
illegal,200,28,0.11288565397262573,0.365,0.095,0.015
illegal,200,29,0.03322112560272217,0.295,0.08,0.01
illegal,25,0,0.06896811723709106,0.6,0.32,0.12
illegal,25,1,0.0815693736076355,0.56,0.4,0.04
illegal,25,2,0.06213676929473877,0.6,0.24,0.08
illegal,25,3,0.09699141979217529,0.84,0.48,0.12
illegal,25,4,0.08179068565368652,0.48,0.2,0.08
illegal,25,5,0.07426011562347412,0.6,0.16,0.04
illegal,25,6,0.1142459511756897,0.64,0.16,0.0
illegal,25,7,0.0592915415763855,0.48,0.2,0.04
illegal,25,8,0.06482905149459839,0.44,0.04,0.0
illegal,25,9,0.06367003917694092,0.76,0.16,0.04
illegal,25,10,0.07562088966369629,0.8,0.36,0.12
illegal,25,11,0.06901204586029053,0.48,0.28,0.0
illegal,25,12,0.08374321460723877,0.28,0.12,0.04
illegal,25,13,0.09369754791259766,0.6,0.16,0.04
illegal,25,14,0.06538134813308716,0.48,0.2,0.12
illegal,25,15,0.09165823459625244,0.56,0.16,0.08
illegal,25,16,0.07686710357666016,0.72,0.28,0.12
illegal,25,17,0.0770413875579834,0.52,0.12,0.0
illegal,25,18,0.09089088439941406,0.68,0.28,0.0
illegal,25,19,0.08175134658813477,0.56,0.28,0.04
illegal,25,20,0.08129000663757324,0.64,0.24,0.0
illegal,25,21,0.08742767572402954,0.68,0.12,0.0
illegal,25,22,0.11582916975021362,0.36,0.16,0.04
illegal,25,23,0.07047760486602783,0.64,0.24,0.12
illegal,25,24,0.07488542795181274,0.48,0.32,0.04
illegal,25,25,0.08059406280517578,0.72,0.32,0.0
illegal,25,26,0.11753451824188232,0.48,0.12,0.0
illegal,25,27,0.08793497085571289,0.76,0.32,0.0
illegal,25,28,0.10984241962432861,0.64,0.28,0.0
illegal,25,29,0.09037339687347412,0.32,0.16,0.0
illegal,400,0,0.03925812244415283,0.2875,0.1,0.0125
illegal,400,1,0.02768850326538086,0.2675,0.0825,0.0125
illegal,400,2,0.038407087326049805,0.225,0.055,0.005
illegal,400,3,0.03189373016357422,0.255,0.0525,0.0075
illegal,400,4,0.031874775886535645,0.2975,0.095,0.0075
illegal,400,5,0.06389105319976807,0.285,0.09,0.0125
illegal,400,6,0.05187082290649414,0.31,0.09,0.01
illegal,400,7,0.024437665939331055,0.29,0.085,0.005
illegal,400,8,0.023826956748962402,0.27,0.0725,0.0
illegal,400,9,0.03180253505706787,0.2475,0.0575,0.015
illegal,400,10,0.041552841663360596,0.2925,0.0625,0.0075
illegal,400,11,0.04199850559234619,0.29,0.0825,0.015
illegal,400,12,0.06070542335510254,0.29,0.0975,0.0275
illegal,400,13,0.03874623775482178,0.3275,0.1,0.0225
illegal,400,14,0.023229002952575684,0.2625,0.065,0.01
illegal,400,15,0.04259747266769409,0.255,0.085,0.02
illegal,400,16,0.038263022899627686,0.27,0.085,0.015
illegal,400,17,0.06921052932739258,0.2425,0.055,0.0025
illegal,400,18,0.042195677757263184,0.2725,0.0725,0.0275
illegal,400,19,0.022360920906066895,0.2675,0.08,0.0125
illegal,400,20,0.02631199359893799,0.255,0.0975,0.0075
illegal,400,21,0.03662550449371338,0.225,0.0625,0.0075
illegal,400,22,0.03514695167541504,0.2525,0.0725,0.0125
illegal,400,23,0.022043228149414062,0.2375,0.0675,0.015
illegal,400,24,0.02751600742340088,0.27,0.055,0.0025
illegal,400,25,0.026341557502746582,0.2775,0.0625,0.0075
illegal,400,26,0.0492405891418457,0.2625,0.09,0.0125
illegal,400,27,0.050790607929229736,0.27,0.08,0.0125
illegal,400,28,0.02750706672668457,0.295,0.0725,0.0
illegal,400,29,0.04165959358215332,0.3075,0.07,0.01
illegal,50,0,0.09597206115722656,0.58,0.22,0.04
illegal,50,1,0.04110085964202881,0.46,0.22,0.06
illegal,50,2,0.09320700168609619,0.54,0.2,0.02
illegal,50,3,0.05565905570983887,0.42,0.2,0.04
illegal,50,4,0.07292687892913818,0.36,0.12,0.08
illegal,50,5,0.08164370059967041,0.5,0.26,0.08
illegal,50,6,0.07817363739013672,0.46,0.2,0.04
illegal,50,7,0.05033904314041138,0.4,0.14,0.02
illegal,50,8,0.07730996608734131,0.52,0.2,0.04
illegal,50,9,0.05179309844970703,0.62,0.2,0.06
illegal,50,10,0.07307612895965576,0.48,0.22,0.02
illegal,50,11,0.07563900947570801,0.4,0.14,0.02
illegal,50,12,0.06732016801834106,0.52,0.12,0.06
illegal,50,13,0.09854024648666382,0.44,0.16,0.06
illegal,50,14,0.05214834213256836,0.6,0.14,0.0
illegal,50,15,0.05210113525390625,0.54,0.2,0.02
illegal,50,16,0.08599454164505005,0.54,0.22,0.04
illegal,50,17,0.0618138313293457,0.58,0.14,0.02
illegal,50,18,0.05631053447723389,0.5,0.14,0.0
illegal,50,19,0.08061742782592773,0.58,0.24,0.06
illegal,50,20,0.05071645975112915,0.52,0.14,0.02
illegal,50,21,0.08354008197784424,0.68,0.12,0.0
illegal,50,22,0.0407872200012207,0.58,0.2,0.0
illegal,50,23,0.041767120361328125,0.54,0.32,0.04
illegal,50,24,0.050490736961364746,0.46,0.14,0.0
illegal,50,25,0.10366517305374146,0.4,0.14,0.04
illegal,50,26,0.07771849632263184,0.48,0.14,0.0
illegal,50,27,0.06760960817337036,0.44,0.14,0.02
illegal,50,28,0.05845367908477783,0.4,0.16,0.02
illegal,50,29,0.06333553791046143,0.42,0.06,0.0
random,100,0,0.07043659687042236,0.79,0.46,0.14
random,100,1,0.06024014949798584,0.72,0.49,0.15
random,100,2,0.06433641910552979,0.62,0.37,0.13
random,100,3,0.07588118314743042,0.75,0.48,0.19
random,100,4,0.09558069705963135,0.69,0.42,0.09
random,100,5,0.05593979358673096,0.76,0.44,0.15
random,100,6,0.08122104406356812,0.82,0.49,0.14
random,100,7,0.09597277641296387,0.72,0.48,0.15
random,100,8,0.060942113399505615,0.75,0.46,0.17
random,100,9,0.13096266984939575,0.77,0.47,0.19
random,100,10,0.10617172718048096,0.7,0.43,0.11
random,100,11,0.07462018728256226,0.6,0.38,0.15
random,100,12,0.09326314926147461,0.73,0.51,0.18
random,100,13,0.07373940944671631,0.75,0.51,0.24
random,100,14,0.07138919830322266,0.75,0.47,0.12
random,100,15,0.08929216861724854,0.77,0.48,0.16
random,100,16,0.05334758758544922,0.79,0.5,0.18
random,100,17,0.07352995872497559,0.6,0.39,0.22
random,100,18,0.06126457452774048,0.79,0.49,0.18
random,100,19,0.06377005577087402,0.76,0.51,0.21
random,100,20,0.06461918354034424,0.82,0.6,0.16
random,100,21,0.06600868701934814,0.77,0.51,0.17
random,100,22,0.10989761352539062,0.75,0.48,0.11
random,100,23,0.09813177585601807,0.7,0.56,0.19
random,100,24,0.06607651710510254,0.72,0.47,0.19
random,100,25,0.054799556732177734,0.82,0.61,0.25
random,100,26,0.0780717134475708,0.84,0.5,0.16
random,100,27,0.03988051414489746,0.7,0.47,0.2
random,100,28,0.07771778106689453,0.72,0.46,0.2
random,100,29,0.11298424005508423,0.74,0.49,0.23
random,200,0,0.07081782817840576,0.755,0.485,0.12
random,200,1,0.07928013801574707,0.69,0.47,0.155
random,200,2,0.059934914112091064,0.69,0.445,0.15
random,200,3,0.07512301206588745,0.685,0.435,0.115
random,200,4,0.05678534507751465,0.66,0.4,0.145
random,200,5,0.07537168264389038,0.66,0.37,0.135
random,200,6,0.0720442533493042,0.71,0.4,0.145
random,200,7,0.0676087737083435,0.625,0.39,0.135
random,200,8,0.05075728893280029,0.665,0.4,0.105
random,200,9,0.07519257068634033,0.655,0.41,0.15
random,200,10,0.057346343994140625,0.695,0.41,0.12
random,200,11,0.15243637561798096,0.66,0.395,0.15
random,200,12,0.09348404407501221,0.68,0.425,0.155
random,200,13,0.07557427883148193,0.625,0.34,0.125
random,200,14,0.07481217384338379,0.645,0.35,0.1
random,200,15,0.06906008720397949,0.675,0.435,0.155
random,200,16,0.07712298631668091,0.72,0.405,0.135
random,200,17,0.10615289211273193,0.65,0.405,0.15
random,200,18,0.0703662633895874,0.635,0.36,0.125
random,200,19,0.08041280508041382,0.59,0.33,0.135
random,200,20,0.10121750831604004,0.75,0.48,0.125
random,200,21,0.06895804405212402,0.705,0.46,0.155
random,200,22,0.08343136310577393,0.735,0.425,0.17
random,200,23,0.0993090271949768,0.71,0.475,0.15
random,200,24,0.09561437368392944,0.69,0.405,0.15
random,200,25,0.06986606121063232,0.74,0.43,0.165
random,200,26,0.11400067806243896,0.7,0.35,0.11
random,200,27,0.0728076696395874,0.64,0.385,0.11
random,200,28,0.04661452770233154,0.69,0.375,0.105
random,200,29,0.09020429849624634,0.695,0.38,0.11
random,25,0,0.07116115093231201,0.72,0.44,0.2
random,25,1,0.0688636302947998,0.92,0.72,0.52
random,25,2,0.13361752033233643,0.88,0.64,0.28
random,25,3,0.12852180004119873,0.8,0.44,0.12
random,25,4,0.09131008386611938,0.92,0.64,0.32
random,25,5,0.0872122049331665,0.76,0.64,0.24
random,25,6,0.09927093982696533,0.64,0.52,0.28
random,25,7,0.046214520931243896,0.84,0.48,0.2
random,25,8,0.10980236530303955,1.0,0.84,0.16
random,25,9,0.09435278177261353,1.0,0.84,0.12
random,25,10,0.08247566223144531,0.92,0.68,0.28
random,25,11,0.09410750865936279,1.0,0.92,0.48
random,25,12,0.126387357711792,1.0,0.64,0.32
random,25,13,0.0775918960571289,0.92,0.56,0.28
random,25,14,0.13480854034423828,0.92,0.68,0.28
random,25,15,0.10156095027923584,0.76,0.68,0.4
random,25,16,0.06430357694625854,0.92,0.72,0.48
random,25,17,0.08408612012863159,0.68,0.48,0.24
random,25,18,0.0799744725227356,0.92,0.6,0.36
random,25,19,0.10727918148040771,0.76,0.52,0.12
random,25,20,0.11509442329406738,0.8,0.68,0.52
random,25,21,0.08252930641174316,0.88,0.68,0.36
random,25,22,0.09554088115692139,0.92,0.52,0.28
random,25,23,0.08095574378967285,1.0,0.6,0.28
random,25,24,0.1363363265991211,1.0,0.84,0.28
random,25,25,0.1267484426498413,0.8,0.48,0.12
random,25,26,0.11105901002883911,0.84,0.6,0.32
random,25,27,0.13092517852783203,0.8,0.6,0.24
random,25,28,0.0967550277709961,1.0,0.68,0.36
random,25,29,0.13320964574813843,0.8,0.52,0.12
random,400,0,0.12183427810668945,0.6225,0.3375,0.115
random,400,1,0.07165837287902832,0.58,0.31,0.0825
random,400,2,0.0603368878364563,0.615,0.335,0.1025
random,400,3,0.05138486623764038,0.6425,0.325,0.125
random,400,4,0.056342124938964844,0.6,0.33,0.105
random,400,5,0.05842459201812744,0.595,0.3075,0.0975
random,400,6,0.06874877214431763,0.58,0.3275,0.09
random,400,7,0.06517207622528076,0.6125,0.3625,0.0975
random,400,8,0.08898723125457764,0.6475,0.3525,0.125
random,400,9,0.06239187717437744,0.6375,0.3475,0.12
random,400,10,0.07481139898300171,0.635,0.36,0.11
random,400,11,0.09749436378479004,0.6375,0.3275,0.125
random,400,12,0.07914626598358154,0.625,0.36,0.1325
random,400,13,0.07313156127929688,0.6,0.3125,0.1
random,400,14,0.07806050777435303,0.6275,0.355,0.12
random,400,15,0.0626901388168335,0.665,0.3475,0.1025
random,400,16,0.07002508640289307,0.62,0.3375,0.125
random,400,17,0.07028865814208984,0.65,0.3775,0.1125
random,400,18,0.0577855110168457,0.635,0.325,0.1125
random,400,19,0.06553477048873901,0.6,0.315,0.11
random,400,20,0.07800179719924927,0.6025,0.335,0.09
random,400,21,0.0769648551940918,0.6275,0.3475,0.1
random,400,22,0.09954583644866943,0.655,0.3625,0.1075
random,400,23,0.07730346918106079,0.62,0.3375,0.1075
random,400,24,0.08260864019393921,0.6275,0.355,0.1225
random,400,25,0.06451606750488281,0.64,0.3375,0.1025
random,400,26,0.06383770704269409,0.6125,0.3275,0.11
random,400,27,0.06909435987472534,0.6375,0.35,0.095
random,400,28,0.08109426498413086,0.62,0.3475,0.1225
random,400,29,0.05244147777557373,0.55,0.34,0.0975
random,50,0,0.1687982678413391,0.8,0.52,0.24
random,50,1,0.09463071823120117,0.76,0.46,0.24
random,50,2,0.06620728969573975,0.82,0.52,0.16
random,50,3,0.06848114728927612,0.84,0.72,0.24
random,50,4,0.08577495813369751,0.82,0.58,0.24
random,50,5,0.06983143091201782,0.78,0.48,0.24
random,50,6,0.05086803436279297,0.96,0.82,0.24
random,50,7,0.1062394380569458,0.78,0.42,0.2
random,50,8,0.14047753810882568,0.7,0.4,0.16
random,50,9,0.040884971618652344,0.88,0.68,0.32
random,50,10,0.06916654109954834,0.8,0.56,0.3
random,50,11,0.04546386003494263,0.78,0.44,0.2
random,50,12,0.0889204740524292,0.82,0.54,0.3
random,50,13,0.0569615364074707,0.82,0.34,0.16
random,50,14,0.10056436061859131,0.9,0.66,0.18
random,50,15,0.06024909019470215,0.8,0.66,0.24
random,50,16,0.061844050884246826,0.66,0.44,0.16
random,50,17,0.05737125873565674,0.9,0.6,0.32
random,50,18,0.055894315242767334,0.86,0.6,0.28
random,50,19,0.11797308921813965,0.72,0.56,0.22
random,50,20,0.13834816217422485,0.9,0.68,0.18
random,50,21,0.041578054428100586,0.78,0.58,0.32
random,50,22,0.09849011898040771,0.72,0.5,0.18
random,50,23,0.07971680164337158,0.88,0.66,0.32
random,50,24,0.05565077066421509,0.74,0.44,0.14
random,50,25,0.1347678303718567,0.84,0.5,0.16
random,50,26,0.04864537715911865,0.88,0.7,0.26
random,50,27,0.06282174587249756,0.78,0.54,0.28
random,50,28,0.048308730125427246,0.88,0.5,0.16
random,50,29,0.03244197368621826,0.84,0.6,0.2
sv_askdocs,100,0,0.08468621969223022,1.0,0.98,0.89
sv_askdocs,100,1,0.0892760157585144,1.0,0.98,0.92
sv_askdocs,100,2,0.04787278175354004,1.0,0.98,0.9
sv_askdocs,100,3,0.046642959117889404,1.0,0.98,0.78
sv_askdocs,100,4,0.0880274772644043,1.0,0.96,0.85
sv_askdocs,100,5,0.043498694896698,1.0,1.0,0.89
sv_askdocs,100,6,0.09511047601699829,1.0,1.0,0.88
sv_askdocs,100,7,0.0619848370552063,1.0,1.0,0.9
sv_askdocs,100,8,0.05429720878601074,0.98,0.95,0.74
sv_askdocs,100,9,0.04451334476470947,1.0,1.0,0.86
sv_askdocs,100,10,0.11716198921203613,0.98,0.98,0.89
sv_askdocs,100,11,0.04583221673965454,1.0,0.96,0.81
sv_askdocs,100,12,0.08758604526519775,1.0,0.98,0.86
sv_askdocs,100,13,0.09361135959625244,0.98,0.94,0.82
sv_askdocs,100,14,0.09932726621627808,1.0,1.0,0.78
sv_askdocs,100,15,0.09870541095733643,1.0,0.96,0.83
sv_askdocs,100,16,0.12641215324401855,1.0,1.0,0.94
sv_askdocs,100,17,0.12273138761520386,0.98,0.96,0.82
sv_askdocs,100,18,0.06519162654876709,1.0,1.0,0.9
sv_askdocs,100,19,0.09409809112548828,1.0,0.96,0.79
sv_askdocs,100,20,0.05830180644989014,1.0,1.0,0.91
sv_askdocs,100,21,0.052303314208984375,1.0,1.0,0.94
sv_askdocs,100,22,0.06150221824645996,0.98,0.96,0.75
sv_askdocs,100,23,0.07444465160369873,1.0,0.96,0.84
sv_askdocs,100,24,0.08456504344940186,1.0,1.0,0.91
sv_askdocs,100,25,0.06324958801269531,1.0,0.98,0.85
sv_askdocs,100,26,0.07819300889968872,1.0,1.0,0.88
sv_askdocs,100,27,0.048023223876953125,1.0,0.98,0.91
sv_askdocs,100,28,0.07628905773162842,1.0,0.98,0.85
sv_askdocs,100,29,0.062499046325683594,1.0,1.0,0.9
sv_askdocs,200,0,0.07776093482971191,1.0,0.975,0.85
sv_askdocs,200,1,0.040712833404541016,1.0,0.965,0.82
sv_askdocs,200,2,0.035445332527160645,0.99,0.965,0.795
sv_askdocs,200,3,0.05374324321746826,1.0,0.97,0.805
sv_askdocs,200,4,0.04373735189437866,0.985,0.985,0.795
sv_askdocs,200,5,0.05005919933319092,1.0,0.99,0.75
sv_askdocs,200,6,0.037406206130981445,1.0,0.94,0.84
sv_askdocs,200,7,0.036473214626312256,1.0,0.99,0.775
sv_askdocs,200,8,0.046390533447265625,1.0,0.97,0.795
sv_askdocs,200,9,0.05617237091064453,0.99,0.975,0.735
sv_askdocs,200,10,0.0550268292427063,1.0,0.96,0.845
sv_askdocs,200,11,0.03182995319366455,0.99,0.97,0.815
sv_askdocs,200,12,0.03119105100631714,1.0,0.96,0.745
sv_askdocs,200,13,0.051980435848236084,1.0,0.95,0.685
sv_askdocs,200,14,0.09215414524078369,1.0,0.955,0.74
sv_askdocs,200,15,0.06670868396759033,1.0,1.0,0.785
sv_askdocs,200,16,0.07084226608276367,0.99,0.97,0.765
sv_askdocs,200,17,0.03978186845779419,0.96,0.95,0.82
sv_askdocs,200,18,0.04404127597808838,1.0,0.99,0.835
sv_askdocs,200,19,0.04721724987030029,1.0,0.96,0.83
sv_askdocs,200,20,0.0746467113494873,0.99,0.965,0.805
sv_askdocs,200,21,0.04600167274475098,1.0,0.975,0.815
sv_askdocs,200,22,0.0510784387588501,0.99,0.94,0.725
sv_askdocs,200,23,0.04318726062774658,1.0,0.97,0.79
sv_askdocs,200,24,0.04921519756317139,0.99,0.96,0.75
sv_askdocs,200,25,0.05645120143890381,1.0,0.98,0.75
sv_askdocs,200,26,0.054643094539642334,1.0,1.0,0.85
sv_askdocs,200,27,0.03397953510284424,0.99,0.98,0.82
sv_askdocs,200,28,0.03722870349884033,1.0,0.98,0.82
sv_askdocs,200,29,0.058799564838409424,1.0,0.98,0.74
sv_askdocs,25,0,0.09911870956420898,1.0,1.0,1.0
sv_askdocs,25,1,0.11221861839294434,1.0,0.92,0.8
sv_askdocs,25,2,0.1517726182937622,1.0,1.0,1.0
sv_askdocs,25,3,0.13097155094146729,1.0,1.0,1.0
sv_askdocs,25,4,0.13561290502548218,1.0,1.0,1.0
sv_askdocs,25,5,0.13385415077209473,1.0,1.0,0.92
sv_askdocs,25,6,0.1082690954208374,1.0,1.0,0.92
sv_askdocs,25,7,0.12965577840805054,1.0,1.0,0.92
sv_askdocs,25,8,0.13428282737731934,1.0,1.0,1.0
sv_askdocs,25,9,0.154546320438385,1.0,1.0,1.0
sv_askdocs,25,10,0.10352951288223267,1.0,1.0,1.0
sv_askdocs,25,11,0.15586644411087036,1.0,1.0,1.0
sv_askdocs,25,12,0.24301397800445557,1.0,1.0,1.0
sv_askdocs,25,13,0.09139400720596313,1.0,1.0,1.0
sv_askdocs,25,14,0.14547622203826904,1.0,1.0,0.92
sv_askdocs,25,15,0.17944550514221191,1.0,1.0,0.92
sv_askdocs,25,16,0.11227118968963623,1.0,1.0,0.92
sv_askdocs,25,17,0.10153484344482422,1.0,1.0,1.0
sv_askdocs,25,18,0.10240685939788818,1.0,1.0,0.92
sv_askdocs,25,19,0.09868890047073364,1.0,1.0,0.92
sv_askdocs,25,20,0.21534907817840576,1.0,1.0,1.0
sv_askdocs,25,21,0.15852391719818115,1.0,1.0,1.0
sv_askdocs,25,22,0.25957632064819336,1.0,1.0,1.0
sv_askdocs,25,23,0.191473126411438,1.0,1.0,0.84
sv_askdocs,25,24,0.14354556798934937,1.0,1.0,1.0
sv_askdocs,25,25,0.13315236568450928,1.0,1.0,0.84
sv_askdocs,25,26,0.1423916220664978,1.0,1.0,0.92
sv_askdocs,25,27,0.09293860197067261,1.0,1.0,1.0
sv_askdocs,25,28,0.12569010257720947,1.0,1.0,1.0
sv_askdocs,25,29,0.12220251560211182,1.0,1.0,1.0
sv_askdocs,400,0,0.04088395833969116,0.99,0.945,0.63
sv_askdocs,400,1,0.036135733127593994,0.9825,0.94,0.7
sv_askdocs,400,2,0.024700045585632324,0.98,0.9375,0.6625
sv_askdocs,400,3,0.03201496601104736,0.985,0.9525,0.6775
sv_askdocs,400,4,0.03076380491256714,0.9875,0.9675,0.7
sv_askdocs,400,5,0.05017125606536865,1.0,0.96,0.7
sv_askdocs,400,6,0.03446400165557861,0.985,0.965,0.73
sv_askdocs,400,7,0.03997397422790527,0.9875,0.9625,0.6925
sv_askdocs,400,8,0.035305678844451904,0.9875,0.9325,0.635
sv_askdocs,400,9,0.07182574272155762,0.9925,0.94,0.74
sv_askdocs,400,10,0.03104919195175171,0.99,0.9575,0.6975
sv_askdocs,400,11,0.0409238338470459,0.995,0.94,0.6675
sv_askdocs,400,12,0.05431920289993286,0.975,0.9275,0.665
sv_askdocs,400,13,0.020889103412628174,0.9825,0.91,0.66
sv_askdocs,400,14,0.03833287954330444,1.0,0.975,0.7225
sv_askdocs,400,15,0.044183969497680664,0.985,0.93,0.715
sv_askdocs,400,16,0.05016821622848511,1.0,0.95,0.6225
sv_askdocs,400,17,0.05664938688278198,0.995,0.9675,0.6825
sv_askdocs,400,18,0.03779566287994385,0.99,0.9475,0.695
sv_askdocs,400,19,0.028944015502929688,0.995,0.9625,0.7225
sv_askdocs,400,20,0.03937506675720215,0.985,0.955,0.675
sv_askdocs,400,21,0.02997767925262451,0.995,0.9675,0.705
sv_askdocs,400,22,0.040275394916534424,0.99,0.945,0.6975
sv_askdocs,400,23,0.03232312202453613,0.99,0.95,0.7
sv_askdocs,400,24,0.05693066120147705,0.995,0.9725,0.6825
sv_askdocs,400,25,0.03349924087524414,0.995,0.96,0.6875
sv_askdocs,400,26,0.06391149759292603,0.975,0.96,0.6975
sv_askdocs,400,27,0.038508057594299316,0.98,0.95,0.645
sv_askdocs,400,28,0.028346717357635498,0.975,0.9225,0.6625
sv_askdocs,400,29,0.07717478275299072,0.995,0.955,0.725
sv_askdocs,50,0,0.0774461030960083,1.0,1.0,0.92
sv_askdocs,50,1,0.07327133417129517,1.0,1.0,1.0
sv_askdocs,50,2,0.07494258880615234,1.0,0.92,0.82
sv_askdocs,50,3,0.1546649932861328,1.0,1.0,0.96
sv_askdocs,50,4,0.06236773729324341,1.0,0.96,0.92
sv_askdocs,50,5,0.12320601940155029,1.0,1.0,1.0
sv_askdocs,50,6,0.11826115846633911,1.0,1.0,0.88
sv_askdocs,50,7,0.05370128154754639,1.0,1.0,0.88
sv_askdocs,50,8,0.06877672672271729,1.0,1.0,0.94
sv_askdocs,50,9,0.12032747268676758,1.0,1.0,0.96
sv_askdocs,50,10,0.1366080641746521,1.0,1.0,1.0
sv_askdocs,50,11,0.12148463726043701,1.0,1.0,0.96
sv_askdocs,50,12,0.0900191068649292,1.0,1.0,1.0
sv_askdocs,50,13,0.06751728057861328,0.96,0.92,0.9
sv_askdocs,50,14,0.12151062488555908,1.0,1.0,0.92
sv_askdocs,50,15,0.06393313407897949,1.0,0.96,0.9
sv_askdocs,50,16,0.1118931770324707,1.0,1.0,0.94
sv_askdocs,50,17,0.05579400062561035,1.0,0.96,0.92
sv_askdocs,50,18,0.09752053022384644,1.0,0.96,0.88
sv_askdocs,50,19,0.11487698554992676,1.0,1.0,0.82
sv_askdocs,50,20,0.09359890222549438,1.0,1.0,0.96
sv_askdocs,50,21,0.051996469497680664,1.0,1.0,0.9
sv_askdocs,50,22,0.08686548471450806,0.96,0.94,0.84
sv_askdocs,50,23,0.08815735578536987,1.0,1.0,0.92
sv_askdocs,50,24,0.06731396913528442,1.0,1.0,0.96
sv_askdocs,50,25,0.068076491355896,1.0,1.0,0.92
sv_askdocs,50,26,0.09831488132476807,1.0,1.0,1.0
sv_askdocs,50,27,0.11992263793945312,1.0,1.0,1.0
sv_askdocs,50,28,0.10629701614379883,1.0,1.0,1.0
sv_askdocs,50,29,0.07954674959182739,1.0,1.0,0.94
sv_tifu,100,0,0.04783862829208374,1.0,0.89,0.31
sv_tifu,100,1,0.04511898756027222,1.0,0.95,0.34
sv_tifu,100,2,0.043518781661987305,1.0,0.95,0.36
sv_tifu,100,3,0.06069815158843994,0.94,0.85,0.23
sv_tifu,100,4,0.03673839569091797,1.0,0.91,0.3
sv_tifu,100,5,0.040579915046691895,1.0,0.98,0.5
sv_tifu,100,6,0.04450434446334839,0.95,0.87,0.35
sv_tifu,100,7,0.041525959968566895,1.0,0.93,0.43
sv_tifu,100,8,0.03193855285644531,0.98,0.86,0.32
sv_tifu,100,9,0.041832804679870605,0.98,0.94,0.31
sv_tifu,100,10,0.04485440254211426,1.0,0.9,0.32
sv_tifu,100,11,0.05351579189300537,1.0,0.89,0.27
sv_tifu,100,12,0.037840187549591064,1.0,0.89,0.36
sv_tifu,100,13,0.025408923625946045,0.98,0.92,0.33
sv_tifu,100,14,0.05294394493103027,0.98,0.92,0.31
sv_tifu,100,15,0.025159478187561035,1.0,0.91,0.34
sv_tifu,100,16,0.04189884662628174,1.0,0.92,0.34
sv_tifu,100,17,0.04188549518585205,1.0,0.92,0.39
sv_tifu,100,18,0.0609356164932251,0.96,0.9,0.38
sv_tifu,100,19,0.0475386381149292,0.96,0.87,0.33
sv_tifu,100,20,0.03631383180618286,0.98,0.84,0.39
sv_tifu,100,21,0.05556678771972656,0.98,0.88,0.36
sv_tifu,100,22,0.033856749534606934,1.0,0.86,0.37
sv_tifu,100,23,0.04796957969665527,1.0,0.96,0.36
sv_tifu,100,24,0.04323768615722656,0.96,0.87,0.38
sv_tifu,100,25,0.02826756238937378,1.0,0.89,0.37
sv_tifu,100,26,0.07797122001647949,1.0,0.88,0.41
sv_tifu,100,27,0.03325247764587402,0.98,0.84,0.36
sv_tifu,100,28,0.046075403690338135,1.0,0.91,0.37
sv_tifu,100,29,0.03746378421783447,1.0,0.9,0.35
sv_tifu,200,0,0.035009801387786865,1.0,0.855,0.23
sv_tifu,200,1,0.03174847364425659,0.97,0.715,0.14
sv_tifu,200,2,0.06296956539154053,0.97,0.835,0.27
sv_tifu,200,3,0.047472357749938965,0.97,0.815,0.255
sv_tifu,200,4,0.034542083740234375,0.945,0.83,0.2
sv_tifu,200,5,0.046073079109191895,0.99,0.8,0.21
sv_tifu,200,6,0.05329608917236328,0.99,0.87,0.14
sv_tifu,200,7,0.029713988304138184,0.98,0.75,0.17
sv_tifu,200,8,0.029073238372802734,0.97,0.77,0.255
sv_tifu,200,9,0.07898581027984619,0.965,0.83,0.245
sv_tifu,200,10,0.041395366191864014,0.98,0.81,0.215
sv_tifu,200,11,0.054403841495513916,0.98,0.84,0.23
sv_tifu,200,12,0.03248405456542969,0.98,0.835,0.25
sv_tifu,200,13,0.035897016525268555,0.98,0.865,0.245
sv_tifu,200,14,0.03918051719665527,0.99,0.775,0.2
sv_tifu,200,15,0.029365062713623047,0.945,0.705,0.29
sv_tifu,200,16,0.03534114360809326,0.975,0.8,0.205
sv_tifu,200,17,0.027928709983825684,0.965,0.745,0.22
sv_tifu,200,18,0.03336191177368164,0.98,0.805,0.21
sv_tifu,200,19,0.030841708183288574,0.985,0.795,0.285
sv_tifu,200,20,0.04402768611907959,0.955,0.78,0.27
sv_tifu,200,21,0.04403948783874512,0.98,0.78,0.19
sv_tifu,200,22,0.03605246543884277,0.99,0.8,0.235
sv_tifu,200,23,0.0301058292388916,0.945,0.74,0.24
sv_tifu,200,24,0.032886624336242676,0.99,0.865,0.17
sv_tifu,200,25,0.03724658489227295,0.965,0.79,0.245
sv_tifu,200,26,0.04201459884643555,0.945,0.765,0.185
sv_tifu,200,27,0.040712952613830566,0.98,0.785,0.24
sv_tifu,200,28,0.04653191566467285,0.98,0.8,0.17
sv_tifu,200,29,0.03936922550201416,0.99,0.84,0.225
sv_tifu,25,0,0.04284822940826416,1.0,0.92,0.52
sv_tifu,25,1,0.08151578903198242,1.0,0.92,0.44
sv_tifu,25,2,0.05230981111526489,1.0,1.0,0.6
sv_tifu,25,3,0.05488806962966919,1.0,0.92,0.48
sv_tifu,25,4,0.05660438537597656,0.92,0.88,0.56
sv_tifu,25,5,0.06379872560501099,1.0,0.92,0.56
sv_tifu,25,6,0.0830424427986145,1.0,1.0,0.92
sv_tifu,25,7,0.0956336259841919,1.0,0.88,0.6
sv_tifu,25,8,0.06578576564788818,1.0,1.0,0.52
sv_tifu,25,9,0.0745687484741211,1.0,1.0,0.68
sv_tifu,25,10,0.061972975730895996,1.0,1.0,0.72
sv_tifu,25,11,0.06099259853363037,1.0,1.0,0.56
sv_tifu,25,12,0.04870247840881348,1.0,1.0,0.68
sv_tifu,25,13,0.08781933784484863,1.0,1.0,0.8
sv_tifu,25,14,0.04530054330825806,1.0,0.92,0.36
sv_tifu,25,15,0.09238678216934204,1.0,1.0,0.84
sv_tifu,25,16,0.09691345691680908,1.0,1.0,0.64
sv_tifu,25,17,0.054653167724609375,1.0,1.0,0.64
sv_tifu,25,18,0.040374159812927246,1.0,1.0,0.36
sv_tifu,25,19,0.05829298496246338,1.0,1.0,0.64
sv_tifu,25,20,0.08904623985290527,1.0,1.0,0.76
sv_tifu,25,21,0.09312725067138672,1.0,1.0,0.92
sv_tifu,25,22,0.11541128158569336,1.0,1.0,0.8
sv_tifu,25,23,0.06206965446472168,1.0,1.0,0.48
sv_tifu,25,24,0.06326508522033691,1.0,0.84,0.48
sv_tifu,25,25,0.08194088935852051,1.0,1.0,0.52
sv_tifu,25,26,0.0511857271194458,1.0,1.0,0.56
sv_tifu,25,27,0.04144942760467529,1.0,1.0,0.52
sv_tifu,25,28,0.06459736824035645,1.0,1.0,0.68
sv_tifu,25,29,0.05128723382949829,1.0,1.0,0.64
sv_tifu,400,0,0.04298436641693115,0.9525,0.76,0.2
sv_tifu,400,1,0.048615992069244385,0.9525,0.795,0.17
sv_tifu,400,2,0.05592787265777588,0.935,0.6075,0.1225
sv_tifu,400,3,0.03671669960021973,0.9575,0.705,0.1575
sv_tifu,400,4,0.03402817249298096,0.96,0.7,0.1025
sv_tifu,400,5,0.03288865089416504,0.94,0.67,0.135
sv_tifu,400,6,0.03307974338531494,0.965,0.675,0.12
sv_tifu,400,7,0.029508888721466064,0.9525,0.74,0.155
sv_tifu,400,8,0.06190997362136841,0.975,0.6975,0.15
sv_tifu,400,9,0.07502543926239014,0.97,0.705,0.13
sv_tifu,400,10,0.028003454208374023,0.935,0.7175,0.1275
sv_tifu,400,11,0.029409587383270264,0.9725,0.76,0.12
sv_tifu,400,12,0.03050905466079712,0.9525,0.695,0.16
sv_tifu,400,13,0.029494404792785645,0.9675,0.69,0.155
sv_tifu,400,14,0.030985236167907715,0.97,0.7325,0.1375
sv_tifu,400,15,0.0430445671081543,0.9575,0.735,0.1575
sv_tifu,400,16,0.05721640586853027,0.9475,0.77,0.165
sv_tifu,400,17,0.03223121166229248,0.955,0.7,0.16
sv_tifu,400,18,0.03867161273956299,0.96,0.7525,0.1925
sv_tifu,400,19,0.062401652336120605,0.9625,0.695,0.1525
sv_tifu,400,20,0.04815375804901123,0.9875,0.7175,0.155
sv_tifu,400,21,0.052737414836883545,0.94,0.7,0.1175
sv_tifu,400,22,0.0402299165725708,0.985,0.77,0.1325
sv_tifu,400,23,0.02792072296142578,0.975,0.715,0.1525
sv_tifu,400,24,0.03551304340362549,0.965,0.7375,0.1425
sv_tifu,400,25,0.029956936836242676,0.9625,0.7325,0.135
sv_tifu,400,26,0.043590664863586426,0.96,0.69,0.1375
sv_tifu,400,27,0.04311168193817139,0.9575,0.705,0.1525
sv_tifu,400,28,0.030995607376098633,0.9675,0.745,0.1575
sv_tifu,400,29,0.04093116521835327,0.955,0.7475,0.17
sv_tifu,50,0,0.09973609447479248,1.0,1.0,0.62
sv_tifu,50,1,0.05167543888092041,1.0,0.96,0.52
sv_tifu,50,2,0.027709007263183594,1.0,1.0,0.38
sv_tifu,50,3,0.04248201847076416,1.0,0.96,0.64
sv_tifu,50,4,0.03623443841934204,1.0,0.84,0.52
sv_tifu,50,5,0.08562624454498291,1.0,0.96,0.36
sv_tifu,50,6,0.0435713529586792,1.0,0.96,0.52
sv_tifu,50,7,0.03047013282775879,1.0,1.0,0.42
sv_tifu,50,8,0.027734041213989258,1.0,0.96,0.7
sv_tifu,50,9,0.04108542203903198,1.0,0.86,0.42
sv_tifu,50,10,0.0531996488571167,1.0,1.0,0.64
sv_tifu,50,11,0.12252235412597656,1.0,0.96,0.44
sv_tifu,50,12,0.036412715911865234,1.0,0.92,0.46
sv_tifu,50,13,0.06399130821228027,1.0,1.0,0.62
sv_tifu,50,14,0.036390066146850586,1.0,0.92,0.68
sv_tifu,50,15,0.037478744983673096,1.0,0.96,0.68
sv_tifu,50,16,0.06510746479034424,1.0,0.96,0.68
sv_tifu,50,17,0.03955686092376709,1.0,0.88,0.5
sv_tifu,50,18,0.03355908393859863,1.0,0.88,0.44
sv_tifu,50,19,0.07231789827346802,1.0,1.0,0.56
sv_tifu,50,20,0.029572248458862305,1.0,1.0,0.66
sv_tifu,50,21,0.04016447067260742,1.0,0.96,0.68
sv_tifu,50,22,0.027875840663909912,1.0,1.0,0.5
sv_tifu,50,23,0.04159879684448242,1.0,0.88,0.46
sv_tifu,50,24,0.03177452087402344,1.0,0.96,0.42
sv_tifu,50,25,0.039652466773986816,1.0,0.88,0.42
sv_tifu,50,26,0.0364612340927124,1.0,0.96,0.48
sv_tifu,50,27,0.0572391152381897,1.0,0.82,0.3
sv_tifu,50,28,0.042664289474487305,1.0,0.9,0.36
sv_tifu,50,29,0.03404521942138672,1.0,0.96,0.58
sv_trump,100,0,0.04351681470870972,0.65,0.29,0.03
sv_trump,100,1,0.1144288182258606,0.56,0.21,0.05
sv_trump,100,2,0.040871620178222656,0.59,0.29,0.09
sv_trump,100,3,0.06306588649749756,0.52,0.2,0.05
sv_trump,100,4,0.050583720207214355,0.47,0.23,0.07
sv_trump,100,5,0.05199408531188965,0.61,0.28,0.05
sv_trump,100,6,0.04640018939971924,0.59,0.26,0.07
sv_trump,100,7,0.07316368818283081,0.57,0.18,0.06
sv_trump,100,8,0.03277456760406494,0.53,0.23,0.03
sv_trump,100,9,0.056276023387908936,0.65,0.34,0.08
sv_trump,100,10,0.04917013645172119,0.65,0.21,0.07
sv_trump,100,11,0.06586551666259766,0.55,0.23,0.04
sv_trump,100,12,0.051346540451049805,0.57,0.27,0.02
sv_trump,100,13,0.08947712182998657,0.53,0.23,0.03
sv_trump,100,14,0.06564915180206299,0.52,0.25,0.01
sv_trump,100,15,0.025624215602874756,0.5,0.27,0.05
sv_trump,100,16,0.06280708312988281,0.67,0.28,0.06
sv_trump,100,17,0.05846142768859863,0.62,0.32,0.07
sv_trump,100,18,0.04765760898590088,0.54,0.26,0.07
sv_trump,100,19,0.033235013484954834,0.6,0.27,0.05
sv_trump,100,20,0.04489457607269287,0.53,0.27,0.04
sv_trump,100,21,0.0431826114654541,0.49,0.31,0.06
sv_trump,100,22,0.04802727699279785,0.61,0.24,0.07
sv_trump,100,23,0.05695807933807373,0.61,0.29,0.06
sv_trump,100,24,0.031432509422302246,0.51,0.23,0.05
sv_trump,100,25,0.04159426689147949,0.53,0.26,0.07
sv_trump,100,26,0.04471457004547119,0.53,0.23,0.03
sv_trump,100,27,0.09143936634063721,0.54,0.25,0.04
sv_trump,100,28,0.04890620708465576,0.59,0.29,0.02
sv_trump,100,29,0.08903515338897705,0.59,0.27,0.11
sv_trump,200,0,0.041612982749938965,0.465,0.175,0.03
sv_trump,200,1,0.05376088619232178,0.49,0.205,0.04
sv_trump,200,2,0.037752509117126465,0.635,0.285,0.035
sv_trump,200,3,0.050193727016448975,0.5,0.195,0.035
sv_trump,200,4,0.08103656768798828,0.455,0.25,0.07
sv_trump,200,5,0.052272677421569824,0.54,0.235,0.045
sv_trump,200,6,0.0431370735168457,0.415,0.225,0.035
sv_trump,200,7,0.03650557994842529,0.515,0.29,0.04
sv_trump,200,8,0.06411194801330566,0.495,0.215,0.03
sv_trump,200,9,0.03687620162963867,0.54,0.24,0.055
sv_trump,200,10,0.044056594371795654,0.455,0.205,0.035
sv_trump,200,11,0.03944408893585205,0.515,0.235,0.04
sv_trump,200,12,0.05240058898925781,0.485,0.215,0.045
sv_trump,200,13,0.02825450897216797,0.52,0.265,0.07
sv_trump,200,14,0.043293118476867676,0.535,0.24,0.04
sv_trump,200,15,0.044534146785736084,0.55,0.215,0.035
sv_trump,200,16,0.06948542594909668,0.485,0.235,0.045
sv_trump,200,17,0.043679893016815186,0.475,0.23,0.04
sv_trump,200,18,0.04523205757141113,0.49,0.185,0.04
sv_trump,200,19,0.03545510768890381,0.545,0.24,0.045
sv_trump,200,20,0.04936671257019043,0.45,0.19,0.02
sv_trump,200,21,0.04804885387420654,0.47,0.23,0.045
sv_trump,200,22,0.036083757877349854,0.585,0.285,0.045
sv_trump,200,23,0.059348464012145996,0.545,0.215,0.025
sv_trump,200,24,0.03992956876754761,0.485,0.245,0.045
sv_trump,200,25,0.046141862869262695,0.495,0.23,0.03
sv_trump,200,26,0.03586369752883911,0.46,0.26,0.06
sv_trump,200,27,0.02578258514404297,0.38,0.155,0.03
sv_trump,200,28,0.07864177227020264,0.555,0.2,0.055
sv_trump,200,29,0.045226216316223145,0.425,0.175,0.03
sv_trump,25,0,0.0673140287399292,0.76,0.2,0.04
sv_trump,25,1,0.07707428932189941,0.84,0.32,0.08
sv_trump,25,2,0.059040606021881104,0.76,0.36,0.04
sv_trump,25,3,0.09146666526794434,0.56,0.28,0.04
sv_trump,25,4,0.05763101577758789,0.68,0.4,0.32
sv_trump,25,5,0.08820199966430664,0.6,0.28,0.0
sv_trump,25,6,0.06096673011779785,0.76,0.32,0.08
sv_trump,25,7,0.059633851051330566,0.72,0.36,0.08
sv_trump,25,8,0.07367581129074097,0.72,0.4,0.16
sv_trump,25,9,0.1212393045425415,1.0,0.52,0.08
sv_trump,25,10,0.06515121459960938,0.64,0.36,0.04
sv_trump,25,11,0.07589441537857056,0.76,0.6,0.04
sv_trump,25,12,0.08060699701309204,0.76,0.36,0.12
sv_trump,25,13,0.04330015182495117,0.68,0.32,0.04
sv_trump,25,14,0.05055665969848633,0.72,0.36,0.04
sv_trump,25,15,0.053740084171295166,0.68,0.44,0.16
sv_trump,25,16,0.059173405170440674,0.76,0.44,0.12
sv_trump,25,17,0.07863277196884155,0.72,0.32,0.08
sv_trump,25,18,0.06242436170578003,0.56,0.28,0.12
sv_trump,25,19,0.06588625907897949,0.84,0.36,0.0
sv_trump,25,20,0.08225321769714355,0.88,0.36,0.16
sv_trump,25,21,0.05679124593734741,0.72,0.44,0.16
sv_trump,25,22,0.049431800842285156,0.84,0.6,0.2
sv_trump,25,23,0.10169541835784912,0.52,0.32,0.04
sv_trump,25,24,0.060482144355773926,0.72,0.36,0.0
sv_trump,25,25,0.0641142725944519,1.0,0.4,0.12
sv_trump,25,26,0.08682835102081299,0.52,0.36,0.04
sv_trump,25,27,0.07764184474945068,0.8,0.4,0.08
sv_trump,25,28,0.11212968826293945,0.8,0.28,0.04
sv_trump,25,29,0.04390358924865723,0.84,0.48,0.12
sv_trump,400,0,0.04140305519104004,0.355,0.135,0.025
sv_trump,400,1,0.04381740093231201,0.4225,0.1675,0.0225
sv_trump,400,2,0.1015283465385437,0.435,0.1925,0.0125
sv_trump,400,3,0.021280229091644287,0.4175,0.155,0.03
sv_trump,400,4,0.07007312774658203,0.4725,0.215,0.03
sv_trump,400,5,0.03814435005187988,0.4025,0.1575,0.0325
sv_trump,400,6,0.04338759183883667,0.4375,0.1825,0.035
sv_trump,400,7,0.048716723918914795,0.4225,0.1875,0.0425
sv_trump,400,8,0.020784616470336914,0.38,0.16,0.0175
sv_trump,400,9,0.05484449863433838,0.4175,0.17,0.035
sv_trump,400,10,0.061121463775634766,0.4325,0.1625,0.025
sv_trump,400,11,0.03602612018585205,0.4075,0.17,0.025
sv_trump,400,12,0.039210617542266846,0.3725,0.1675,0.02
sv_trump,400,13,0.022250652313232422,0.415,0.1825,0.0225
sv_trump,400,14,0.05415678024291992,0.38,0.1875,0.0275
sv_trump,400,15,0.04843562841415405,0.4425,0.175,0.035
sv_trump,400,16,0.034848928451538086,0.375,0.1525,0.02
sv_trump,400,17,0.031279802322387695,0.4025,0.16,0.035
sv_trump,400,18,0.02764892578125,0.4675,0.18,0.015
sv_trump,400,19,0.032108426094055176,0.4875,0.21,0.035
sv_trump,400,20,0.04306948184967041,0.42,0.2225,0.035
sv_trump,400,21,0.053400516510009766,0.4,0.1825,0.02
sv_trump,400,22,0.05027681589126587,0.37,0.16,0.0375
sv_trump,400,23,0.0497165322303772,0.395,0.1575,0.0325
sv_trump,400,24,0.0661088228225708,0.405,0.1775,0.0275
sv_trump,400,25,0.04441571235656738,0.42,0.14,0.015
sv_trump,400,26,0.019679784774780273,0.45,0.1825,0.01
sv_trump,400,27,0.06082606315612793,0.37,0.15,0.01
sv_trump,400,28,0.067596435546875,0.3475,0.14,0.04
sv_trump,400,29,0.03354358673095703,0.4125,0.1675,0.025
sv_trump,50,0,0.06915479898452759,0.58,0.26,0.08
sv_trump,50,1,0.051404595375061035,0.6,0.3,0.04
sv_trump,50,2,0.037270307540893555,0.64,0.34,0.1
sv_trump,50,3,0.0623285174369812,0.8,0.48,0.1
sv_trump,50,4,0.0689159631729126,0.74,0.3,0.1
sv_trump,50,5,0.05331134796142578,0.58,0.3,0.04
sv_trump,50,6,0.061782777309417725,0.7,0.34,0.06
sv_trump,50,7,0.04996645450592041,0.68,0.4,0.08
sv_trump,50,8,0.06425225734710693,0.42,0.16,0.0
sv_trump,50,9,0.0425492525100708,0.56,0.34,0.08
sv_trump,50,10,0.05034583806991577,0.64,0.22,0.04
sv_trump,50,11,0.06184285879135132,0.8,0.4,0.06
sv_trump,50,12,0.029575467109680176,0.78,0.46,0.18
sv_trump,50,13,0.043950438499450684,0.72,0.32,0.12
sv_trump,50,14,0.06917983293533325,0.66,0.4,0.14
sv_trump,50,15,0.04892998933792114,0.84,0.36,0.06
sv_trump,50,16,0.07125723361968994,0.56,0.4,0.08
sv_trump,50,17,0.05567079782485962,0.58,0.24,0.04
sv_trump,50,18,0.04166698455810547,0.54,0.28,0.1
sv_trump,50,19,0.05169546604156494,0.62,0.28,0.04
sv_trump,50,20,0.044016242027282715,0.76,0.34,0.1
sv_trump,50,21,0.04378819465637207,0.66,0.36,0.06
sv_trump,50,22,0.04557597637176514,0.7,0.4,0.06
sv_trump,50,23,0.04348963499069214,0.54,0.26,0.1
sv_trump,50,24,0.04682660102844238,0.66,0.42,0.06
sv_trump,50,25,0.0548284649848938,0.5,0.22,0.04
sv_trump,50,26,0.053779542446136475,0.6,0.26,0.04
sv_trump,50,27,0.045286595821380615,0.74,0.38,0.1
sv_trump,50,28,0.06107819080352783,0.66,0.24,0.06
sv_trump,50,29,0.07460832595825195,0.62,0.36,0.04
trump,100,0,0.03110504150390625,0.5,0.28,0.03
trump,100,1,0.03628265857696533,0.6,0.32,0.08
trump,100,2,0.09764868021011353,0.66,0.31,0.07
trump,100,3,0.04574906826019287,0.47,0.26,0.06
trump,100,4,0.036954283714294434,0.6,0.38,0.05
trump,100,5,0.06680572032928467,0.67,0.38,0.08
trump,100,6,0.05216342210769653,0.6,0.33,0.06
trump,100,7,0.061546504497528076,0.43,0.13,0.0
trump,100,8,0.058622896671295166,0.49,0.23,0.06
trump,100,9,0.05811583995819092,0.68,0.33,0.04
trump,100,10,0.03725707530975342,0.54,0.3,0.04
trump,100,11,0.09292107820510864,0.63,0.33,0.09
trump,100,12,0.04315948486328125,0.57,0.3,0.06
trump,100,13,0.050897181034088135,0.6,0.18,0.05
trump,100,14,0.06895029544830322,0.59,0.16,0.01
trump,100,15,0.08170390129089355,0.61,0.26,0.06
trump,100,16,0.04134726524353027,0.54,0.18,0.04
trump,100,17,0.030539989471435547,0.54,0.28,0.05
trump,100,18,0.05565398931503296,0.53,0.27,0.06
trump,100,19,0.06183958053588867,0.64,0.34,0.08
trump,100,20,0.055597782135009766,0.52,0.27,0.02
trump,100,21,0.05456060171127319,0.42,0.25,0.05
trump,100,22,0.052859485149383545,0.59,0.34,0.04
trump,100,23,0.03656816482543945,0.62,0.28,0.02
trump,100,24,0.046330273151397705,0.57,0.23,0.03
trump,100,25,0.042977988719940186,0.48,0.2,0.08
trump,100,26,0.035738229751586914,0.55,0.29,0.02
trump,100,27,0.11356914043426514,0.63,0.36,0.12
trump,100,28,0.06399750709533691,0.52,0.26,0.08
trump,100,29,0.039199769496917725,0.47,0.26,0.09
trump,200,0,0.04955410957336426,0.52,0.245,0.04
trump,200,1,0.028596162796020508,0.485,0.215,0.04
trump,200,2,0.044705092906951904,0.515,0.27,0.075
trump,200,3,0.03311586380004883,0.515,0.2,0.01
trump,200,4,0.04749500751495361,0.59,0.275,0.07
trump,200,5,0.05942660570144653,0.585,0.27,0.06
trump,200,6,0.03779566287994385,0.485,0.28,0.055
trump,200,7,0.03314465284347534,0.5,0.18,0.015
trump,200,8,0.02889150381088257,0.46,0.205,0.045
trump,200,9,0.04694259166717529,0.48,0.21,0.025
trump,200,10,0.02572178840637207,0.445,0.235,0.025
trump,200,11,0.04121994972229004,0.48,0.175,0.02
trump,200,12,0.06655097007751465,0.545,0.225,0.05
trump,200,13,0.10081183910369873,0.48,0.165,0.025
trump,200,14,0.028017818927764893,0.49,0.205,0.05
trump,200,15,0.04426407814025879,0.42,0.21,0.02
trump,200,16,0.03312128782272339,0.465,0.175,0.03
trump,200,17,0.05165565013885498,0.56,0.245,0.035
trump,200,18,0.042923033237457275,0.525,0.225,0.02
trump,200,19,0.02148836851119995,0.5,0.225,0.045
trump,200,20,0.0559687614440918,0.515,0.24,0.04
trump,200,21,0.030645251274108887,0.5,0.2,0.02
trump,200,22,0.028299808502197266,0.48,0.23,0.035
trump,200,23,0.015443265438079834,0.47,0.205,0.03
trump,200,24,0.024194836616516113,0.515,0.275,0.045
trump,200,25,0.030038774013519287,0.46,0.25,0.035
trump,200,26,0.04245603084564209,0.56,0.25,0.05
trump,200,27,0.03886830806732178,0.47,0.21,0.045
trump,200,28,0.044602930545806885,0.465,0.16,0.02
trump,200,29,0.08170837163925171,0.54,0.25,0.04
trump,25,0,0.06608080863952637,0.64,0.4,0.08
trump,25,1,0.06727683544158936,0.6,0.36,0.16
trump,25,2,0.08270573616027832,0.72,0.32,0.04
trump,25,3,0.12438815832138062,0.84,0.4,0.12
trump,25,4,0.05221301317214966,0.88,0.48,0.04
trump,25,5,0.0785442590713501,0.84,0.52,0.08
trump,25,6,0.11685353517532349,0.6,0.28,0.08
trump,25,7,0.11869460344314575,0.68,0.4,0.24
trump,25,8,0.07879877090454102,0.76,0.36,0.12
trump,25,9,0.09371447563171387,0.52,0.28,0.08
trump,25,10,0.0544736385345459,0.76,0.44,0.0
trump,25,11,0.08281677961349487,0.68,0.32,0.12
trump,25,12,0.05767256021499634,0.72,0.32,0.04
trump,25,13,0.05840116739273071,0.92,0.64,0.24
trump,25,14,0.1043897271156311,0.68,0.24,0.2
trump,25,15,0.06708425283432007,0.84,0.28,0.04
trump,25,16,0.1581662893295288,0.64,0.4,0.12
trump,25,17,0.06653273105621338,0.68,0.52,0.16
trump,25,18,0.06566894054412842,0.64,0.24,0.04
trump,25,19,0.059416353702545166,0.56,0.28,0.04
trump,25,20,0.09069216251373291,0.8,0.48,0.08
trump,25,21,0.0804174542427063,0.68,0.48,0.2
trump,25,22,0.06327205896377563,0.88,0.36,0.12
trump,25,23,0.0837486982345581,0.76,0.36,0.08
trump,25,24,0.084023118019104,0.64,0.4,0.12
trump,25,25,0.04992246627807617,0.72,0.56,0.12
trump,25,26,0.05663454532623291,0.88,0.36,0.08
trump,25,27,0.10208535194396973,0.64,0.36,0.12
trump,25,28,0.09269356727600098,0.56,0.28,0.08
trump,25,29,0.0814771056175232,0.76,0.48,0.16
trump,400,0,0.03153693675994873,0.4775,0.195,0.04
trump,400,1,0.06682956218719482,0.3775,0.155,0.025
trump,400,2,0.04146265983581543,0.4875,0.205,0.0375
trump,400,3,0.04991137981414795,0.435,0.2,0.0275
trump,400,4,0.05346691608428955,0.4275,0.155,0.0375
trump,400,5,0.024304509162902832,0.405,0.1725,0.02
trump,400,6,0.02170717716217041,0.3925,0.1525,0.0375
trump,400,7,0.03458130359649658,0.405,0.175,0.0225
trump,400,8,0.07953786849975586,0.3925,0.1475,0.04
trump,400,9,0.033640384674072266,0.4125,0.1575,0.02
trump,400,10,0.03001844882965088,0.4475,0.165,0.0225
trump,400,11,0.09707403182983398,0.4,0.1825,0.0375
trump,400,12,0.02384030818939209,0.38,0.165,0.0175
trump,400,13,0.04597640037536621,0.43,0.155,0.03
trump,400,14,0.03709298372268677,0.4325,0.18,0.025
trump,400,15,0.01993119716644287,0.4075,0.1825,0.0325
trump,400,16,0.09294044971466064,0.4375,0.1625,0.0125
trump,400,17,0.03801774978637695,0.4075,0.1925,0.025
trump,400,18,0.023043036460876465,0.47,0.2225,0.045
trump,400,19,0.03181511163711548,0.395,0.1525,0.0275
trump,400,20,0.030266642570495605,0.455,0.16,0.0325
trump,400,21,0.024136364459991455,0.425,0.1925,0.025
trump,400,22,0.03727322816848755,0.4475,0.1975,0.025
trump,400,23,0.027123570442199707,0.415,0.1475,0.015
trump,400,24,0.07741057872772217,0.4325,0.185,0.0175
trump,400,25,0.03474551439285278,0.4375,0.1975,0.04
trump,400,26,0.06548202037811279,0.425,0.1625,0.015
trump,400,27,0.027200698852539062,0.3975,0.1775,0.035
trump,400,28,0.02789527177810669,0.405,0.175,0.0225
trump,400,29,0.06660473346710205,0.43,0.165,0.04
trump,50,0,0.0484013557434082,0.66,0.4,0.02
trump,50,1,0.07289528846740723,0.74,0.34,0.08
trump,50,2,0.08647191524505615,0.74,0.4,0.06
trump,50,3,0.06326448917388916,0.58,0.32,0.04
trump,50,4,0.06936383247375488,0.58,0.28,0.04
trump,50,5,0.050889670848846436,0.58,0.26,0.04
trump,50,6,0.05962926149368286,0.64,0.34,0.12
trump,50,7,0.06330549716949463,0.62,0.28,0.04
trump,50,8,0.05260711908340454,0.6,0.3,0.08
trump,50,9,0.06691569089889526,0.6,0.32,0.06
trump,50,10,0.037122130393981934,0.62,0.34,0.1
trump,50,11,0.060388267040252686,0.7,0.3,0.08
trump,50,12,0.04044538736343384,0.62,0.3,0.04
trump,50,13,0.06697970628738403,0.8,0.36,0.08
trump,50,14,0.04648953676223755,0.58,0.22,0.04
trump,50,15,0.06955128908157349,0.68,0.28,0.06
trump,50,16,0.052750349044799805,0.64,0.4,0.1
trump,50,17,0.05268549919128418,0.78,0.38,0.04
trump,50,18,0.08000046014785767,0.78,0.38,0.08
trump,50,19,0.06914567947387695,0.56,0.28,0.08
trump,50,20,0.05871438980102539,0.72,0.32,0.12
trump,50,21,0.04569840431213379,0.56,0.32,0.08
trump,50,22,0.05906569957733154,0.56,0.26,0.02
trump,50,23,0.04006993770599365,0.5,0.2,0.06
trump,50,24,0.06386423110961914,0.7,0.44,0.1
trump,50,25,0.08372378349304199,0.6,0.42,0.1
trump,50,26,0.048077940940856934,0.74,0.42,0.06
trump,50,27,0.05232644081115723,0.86,0.48,0.08
trump,50,28,0.05142247676849365,0.48,0.22,0.04
trump,50,29,0.05770516395568848,0.58,0.32,0.12
