corpus,n,N,d_twonn,instability,G_q0.25,M_q0.25,G_q0.5,M_q0.5,G_q0.75,M_q0.75
citizens,25,7849,8.74,0.1476,0.644,0.6386,0.2267,0.2195,0.02,0.0262
citizens,50,7849,8.74,0.1189,0.54,0.5316,0.156,0.1515,0.012,0.0167
citizens,100,7849,8.74,0.1063,0.4313,0.428,0.1147,0.1091,0.0133,0.011
citizens,200,7849,8.74,0.0954,0.3368,0.3247,0.0875,0.0754,0.0078,0.0066
citizens,400,7849,8.74,0.1237,0.2562,0.24,0.0585,0.0536,0.0036,0.0035
covid,25,17837,9.95,0.1389,0.88,0.8658,0.6093,0.5897,0.224,0.1704
covid,50,17837,9.95,0.1125,0.782,0.7895,0.4967,0.4815,0.118,0.1155
covid,100,17837,9.95,0.0888,0.7093,0.7092,0.379,0.3935,0.0703,0.0742
covid,200,17837,9.95,0.0629,0.6312,0.6252,0.311,0.3095,0.0438,0.0454
covid,400,17837,9.95,0.0522,0.5608,0.5408,0.2413,0.2365,0.0263,0.0253
illegal,25,17202,10.87,0.1646,0.58,0.6087,0.2293,0.2292,0.044,0.0368
illegal,50,17202,10.87,0.1359,0.4987,0.4947,0.1747,0.1658,0.0307,0.025
illegal,100,17202,10.87,0.1196,0.412,0.4066,0.1257,0.1264,0.017,0.0181
illegal,200,17202,10.87,0.0978,0.3223,0.3248,0.093,0.0936,0.0112,0.0128
illegal,400,17202,10.87,0.0764,0.2719,0.2621,0.0765,0.0708,0.0112,0.0089
random,25,7610,13.03,0.1961,0.8707,0.847,0.6293,0.6124,0.2853,0.2686
random,50,7610,13.03,0.1556,0.8147,0.7982,0.5567,0.5436,0.228,0.2199
random,100,7610,13.03,0.1538,0.7403,0.7282,0.4793,0.4672,0.1703,0.1755
random,200,7610,13.03,0.1577,0.6808,0.6616,0.4075,0.3958,0.1352,0.1391
random,400,7610,13.03,0.1449,0.6207,0.5858,0.3398,0.3259,0.1088,0.1056
sv_askdocs,25,10000,12.57,0.2699,1.0,0.9968,0.9973,0.9933,0.9587,0.9526
sv_askdocs,50,10000,12.57,0.1821,0.9973,0.9936,0.9873,0.9869,0.932,0.9159
sv_askdocs,100,10000,12.57,0.1504,0.9967,0.9871,0.981,0.9738,0.8597,0.8501
sv_askdocs,200,10000,12.57,0.1018,0.9955,0.9741,0.9707,0.9506,0.7897,0.7691
sv_askdocs,400,10000,12.57,0.0837,0.9887,0.9498,0.9502,0.911,0.6865,0.654
sv_tifu,25,10000,13.27,0.1354,0.9973,0.9947,0.9733,0.9666,0.616,0.644
sv_tifu,50,10000,13.27,0.0961,1.0,0.9894,0.9433,0.9368,0.522,0.4972
sv_tifu,100,10000,13.27,0.0881,0.9877,0.9782,0.9,0.8822,0.3513,0.3475
sv_tifu,200,10000,13.27,0.0812,0.9743,0.9575,0.7997,0.7949,0.2212,0.2253
sv_tifu,400,10000,13.27,0.0828,0.9598,0.9211,0.7188,0.69,0.1474,0.1468
sv_trump,25,10000,8.67,0.1415,0.7387,0.7253,0.376,0.4084,0.088,0.1068
sv_trump,50,10000,8.67,0.1073,0.6493,0.6448,0.3273,0.3281,0.0733,0.0778
sv_trump,100,10000,8.67,0.1115,0.5673,0.566,0.258,0.2666,0.0533,0.0546
sv_trump,200,10000,8.67,0.0948,0.4985,0.4831,0.2255,0.2116,0.0412,0.0377
sv_trump,400,10000,8.67,0.0916,0.4112,0.401,0.1717,0.1663,0.0265,0.025
trump,25,30136,7.91,0.1614,0.7173,0.737,0.3867,0.4128,0.1067,0.1111
trump,50,30136,7.91,0.1185,0.6467,0.6469,0.3293,0.3306,0.0687,0.0813
trump,100,30136,7.91,0.1107,0.562,0.5692,0.2763,0.273,0.054,0.0586
trump,200,30136,7.91,0.0849,0.5007,0.4933,0.2235,0.2168,0.0372,0.0394
trump,400,30136,7.91,0.0874,0.423,0.4188,0.1745,0.1741,0.0283,0.0266
