corpus,n,label_cov,llm_recall,llm_recall_true,llm_recall_grounded,precision,cov_theme,cov_q0.25,cov_q0.5,cov_q0.75
citizens,25,0.6089395676731644,0.5970187285004459,0.4427527922877649,0.27614133435257143,0.7104769112896049,0.07333333333333332,0.356,0.7733333333333333,0.98
citizens,50,0.8373848048583684,0.879160827281607,0.7612179895528093,0.4048838493226314,0.8330573080185774,0.12933333333333333,0.46,0.844,0.988
citizens,100,0.9431604875355671,0.9622966832292863,0.916146430543169,0.505830891408672,0.9274829385174213,0.17933333333333332,0.5690000000000001,0.8853333333333333,0.9866666666666667
citizens,200,0.9920372021913622,0.9914383997961526,0.9838153480273497,0.5946957149530726,0.982183908045977,0.24466666666666667,0.6631666666666667,0.9125,0.9921666666666666
citizens,400,0.9993205079203297,0.9934641355586701,0.9927846434789996,0.6218753981398905,0.9977777777777778,0.3390833333333333,0.74375,0.9413333333333332,0.9964166666666667
covid,25,0.62774943469567,0.5468258862663752,0.42009493375193885,0.24772663564500755,0.7279052429052428,0.07066666666666667,0.11999999999999998,0.3906666666666666,0.776
covid,50,0.8548391919418438,0.7418157014445629,0.6788006204331819,0.4055297041729738,0.8574556818659322,0.14,0.218,0.5033333333333333,0.882
covid,100,0.9757115359458803,0.8736465399637457,0.862140494477771,0.5327428005456821,0.9257152230115747,0.21633333333333335,0.29133333333333333,0.621,0.9296666666666666
covid,200,0.9943245314047578,0.9573414811907832,0.953460036254228,0.632565266954458,0.9102915420041857,0.277,0.36933333333333335,0.6888333333333333,0.9561666666666666
covid,400,0.9992711778886585,0.9694959914783876,0.9690213227186933,0.6791818504606529,0.8979857690202518,0.3454166666666667,0.4393333333333333,0.7584166666666667,0.9736666666666667
illegal,25,0.577651823431384,0.4389412083866217,0.3090454598302523,0.1891873038018835,0.7111794954558113,0.09866666666666667,0.42,0.7706666666666667,0.956
illegal,50,0.8317676239196993,0.8106072937255357,0.6975351703290315,0.35924117350695656,0.8367315106696535,0.14933333333333332,0.5013333333333334,0.8253333333333334,0.9693333333333333
illegal,100,0.955036236096578,0.9694551021199085,0.9288551718792388,0.45124404139053603,0.9428702183299884,0.21,0.588,0.8743333333333333,0.983
illegal,200,0.9955295895826066,0.9886621710653799,0.9853660427082122,0.5235418362205945,0.9932950191570882,0.28650000000000003,0.6778333333333334,0.9065,0.9888333333333333
illegal,400,0.9999999999999999,0.9959965895438514,0.9959965895438514,0.5254737821183583,1.0,0.36225,0.7284166666666666,0.9235,0.9888333333333333
random,25,0.630131406044678,0.5259745948313622,0.39080157687253614,0.20343407796758653,0.6966848320524791,0.13066666666666665,0.12933333333333333,0.37066666666666664,0.7146666666666667
random,50,0.8367236092860272,0.7271441086289969,0.6678537012702584,0.3159877354358301,0.8871235967621416,0.18666666666666665,0.18533333333333335,0.442,0.772
random,100,0.9553569864213753,0.9088918090232151,0.8806263688129654,0.4512833990363557,0.9482491988641414,0.26433333333333336,0.25966666666666666,0.5203333333333334,0.8296666666666667
random,200,0.9925317564607973,0.9522295225580376,0.9498028909329829,0.6067104686815593,0.9953174603174604,0.324,0.31916666666666665,0.5924999999999999,0.8648333333333333
random,400,0.9992816469557599,0.9615286903197547,0.9615286903197547,0.5788655278142795,1.0,0.38508333333333333,0.3794166666666667,0.6600833333333334,0.8911666666666667
sv_askdocs,25,0.59553,0.46041000000000004,0.3805266666666667,0.24893666666666667,0.8209723800164976,0.021333333333333326,0.0,0.0026666666666666653,0.041333333333333326
sv_askdocs,50,0.8201999999999999,0.7155166666666666,0.6461333333333333,0.44088333333333335,0.8919560781782144,0.04666666666666667,0.002666666666666669,0.01266666666666667,0.068
sv_askdocs,100,0.9618399999999999,0.88296,0.8619566666666666,0.5804233333333333,0.9710385083201175,0.10966666666666665,0.003333333333333336,0.019000000000000017,0.14033333333333334
sv_askdocs,200,0.9982666666666666,0.9958933333333333,0.99416,0.7180633333333333,0.9977777777777778,0.16766666666666669,0.004500000000000004,0.02933333333333336,0.21033333333333334
sv_askdocs,400,1.0,0.99882,0.99882,0.76637,1.0,0.25508333333333333,0.011333333333333332,0.04958333333333334,0.3135
sv_tifu,25,0.58324,0.5698733333333333,0.4132066666666666,0.27151000000000003,0.7185848161699554,0.02666666666666666,0.0026666666666666653,0.02666666666666666,0.384
sv_tifu,50,0.8471033333333333,0.7705566666666667,0.67181,0.36290333333333336,0.8582348030274726,0.05400000000000001,0.0,0.05666666666666668,0.478
sv_tifu,100,0.9517533333333332,0.9438933333333333,0.9028666666666666,0.4872066666666666,0.9498909458579624,0.09633333333333333,0.012333333333333344,0.1,0.6486666666666667
sv_tifu,200,0.9950199999999999,0.9953566666666666,0.99101,0.60732,0.9944444444444444,0.19366666666666665,0.02566666666666669,0.20033333333333334,0.7788333333333334
sv_tifu,400,0.9999999999999999,0.9928033333333333,0.9928033333333333,0.6557933333333333,1.0,0.27566666666666667,0.04016666666666667,0.28125,0.8525833333333334
sv_trump,25,0.64462,0.48274666666666666,0.37088333333333334,0.22399333333333335,0.6966420020754387,0.13599999999999998,0.26266666666666666,0.624,0.912
sv_trump,50,0.83714,0.6290866666666666,0.5570866666666666,0.3001533333333333,0.8269395428235783,0.19666666666666668,0.3506666666666666,0.6726666666666666,0.9266666666666666
sv_trump,100,0.9562600000000001,0.8091766666666668,0.7764466666666666,0.4395433333333333,0.9198859763055166,0.24766666666666665,0.4326666666666667,0.7416666666666667,0.9466666666666667
sv_trump,200,0.9889366666666667,0.9027166666666666,0.89369,0.55705,0.9496353637847891,0.2951666666666667,0.5015,0.7745,0.9588333333333333
sv_trump,400,0.9973899999999999,0.9699766666666665,0.9680699999999999,0.5981866666666666,0.9771039348050843,0.3763333333333333,0.5890833333333333,0.8283333333333334,0.9734999999999999
trump,25,0.6069020440668969,0.5594615520750376,0.41385054419962836,0.21021369790284045,0.7164906007591766,0.14933333333333332,0.2826666666666667,0.6133333333333333,0.8933333333333333
trump,50,0.8274035483585523,0.8016182196265818,0.6942217502875851,0.3479492965224316,0.8431108196230503,0.17733333333333334,0.35333333333333333,0.6706666666666667,0.9313333333333333
trump,100,0.9618120077869216,0.8846518007255996,0.8618440845942837,0.45380386691443236,0.9581207106005957,0.247,0.438,0.7233333333333333,0.946
trump,200,0.9955534908415185,0.9864237678081587,0.981977258649677,0.5920062383859837,0.9910727969348658,0.29533333333333334,0.49933333333333335,0.7765000000000001,0.9628333333333333
trump,400,0.9994336784355367,0.9968299265551721,0.9962636049907088,0.6175028758516946,0.9977777777777778,0.3645833333333333,0.577,0.8254166666666667,0.9716666666666666
